1,1/1/2011,1,0,1,0,0,6,0,1,0.24,0.2879,0.81,0,3,13,16
2,1/1/2011,1,0,1,1,0,6,0,1,0.22,0.2727,0.8,0,8,32,40
3,1/1/2011,1,0,1,2,0,6,0,1,0.22,0.2727,0.8,0,5,27,32
4,1/1/2011,1,0,1,3,0,6,0,1,0.24,0.2879,0.75,0,3,10,13
5,1/1/2011,1,0,1,4,0,6,0,1,0.24,0.2879,0.75,0,0,1,1
6,1/1/2011,1,0,1,5,0,6,0,2,0.24,0.2576,0.75,0.0896,0,1,1
7,1/1/2011,1,0,1,6,0,6,0,1,0.22,0.2727,0.8,0,2,0,2
8,1/1/2011,1,0,1,7,0,6,0,1,0.2,0.2576,0.86,0,1,2,3
9,1/1/2011,1,0,1,8,0,6,0,1,0.24,0.2879,0.75,0,1,7,8
10,1/1/2011,1,0,1,9,0,6,0,1,0.32,0.3485,0.76,0,8,6,14
11,1/1/2011,1,0,1,10,0,6,0,1,0.38,0.3939,0.76,0.2537,12,24,36
12,1/1/2011,1,0,1,11,0,6,0,1,0.36,0.3333,0.81,0.2836,26,30,56
13,1/1/2011,1,0,1,12,0,6,0,1,0.42,0.4242,0.77,0.2836,29,55,84
14,1/1/2011,1,0,1,13,0,6,0,2,0.46,0.4545,0.72,0.2985,47,47,94
15,1/1/2011,1,0,1,14,0,6,0,2,0.46,0.4545,0.72,0.2836,35,71,106
16,1/1/2011,1,0,1,15,0,6,0,2,0.44,0.4394,0.77,0.2985,40,70,110
17,1/1/2011,1,0,1,16,0,6,0,2,0.42,0.4242,0.82,0.2985,41,52,93
18,1/1/2011,1,0,1,17,0,6,0,2,0.44,0.4394,0.82,0.2836,15,52,67
19,1/1/2011,1,0,1,18,0,6,0,3,0.42,0.4242,0.88,0.2537,9,26,35
20,1/1/2011,1,0,1,19,0,6,0,3,0.42,0.4242,0.88,0.2537,6,31,37
21,1/1/2011,1,0,1,20,0,6,0,2,0.4,0.4091,0.87,0.2537,11,25,36
22,1/1/2011,1,0,1,21,0,6,0,2,0.4,0.4091,0.87,0.194,3,31,34
23,1/1/2011,1,0,1,22,0,6,0,2,0.4,0.4091,0.94,0.2239,11,17,28
24,1/1/2011,1,0,1,23,0,6,0,2,0.46,0.4545,0.88,0.2985,15,24,39
25,1/2/2011,1,0,1,0,0,0,0,2,0.46,0.4545,0.88,0.2985,4,13,17
26,1/2/2011,1,0,1,1,0,0,0,2,0.44,0.4394,0.94,0.2537,1,16,17
27,1/2/2011,1,0,1,2,0,0,0,2,0.42,0.4242,1,0.2836,1,8,9
28,1/2/2011,1,0,1,3,0,0,0,2,0.46,0.4545,0.94,0.194,2,4,6
29,1/2/2011,1,0,1,4,0,0,0,2,0.46,0.4545,0.94,0.194,2,1,3
30,1/2/2011,1,0,1,6,0,0,0,3,0.42,0.4242,0.77,0.2985,0,2,2
31,1/2/2011,1,0,1,7,0,0,0,2,0.4,0.4091,0.76,0.194,0,1,1
32,1/2/2011,1,0,1,8,0,0,0,3,0.4,0.4091,0.71,0.2239,0,8,8
33,1/2/2011,1,0,1,9,0,0,0,2,0.38,0.3939,0.76,0.2239,1,19,20
34,1/2/2011,1,0,1,10,0,0,0,2,0.36,0.3485,0.81,0.2239,7,46,53
35,1/2/2011,1,0,1,11,0,0,0,2,0.36,0.3333,0.71,0.2537,16,54,70
36,1/2/2011,1,0,1,12,0,0,0,2,0.36,0.3333,0.66,0.2985,20,73,93
37,1/2/2011,1,0,1,13,0,0,0,2,0.36,0.3485,0.66,0.1343,11,64,75
38,1/2/2011,1,0,1,14,0,0,0,3,0.36,0.3485,0.76,0.194,4,55,59
39,1/2/2011,1,0,1,15,0,0,0,3,0.34,0.3333,0.81,0.1642,19,55,74
40,1/2/2011,1,0,1,16,0,0,0,3,0.34,0.3333,0.71,0.1642,9,67,76
41,1/2/2011,1,0,1,17,0,0,0,1,0.34,0.3333,0.57,0.194,7,58,65
42,1/2/2011,1,0,1,18,0,0,0,2,0.36,0.3333,0.46,0.3284,10,43,53
43,1/2/2011,1,0,1,19,0,0,0,1,0.32,0.2879,0.42,0.4478,1,29,30
44,1/2/2011,1,0,1,20,0,0,0,1,0.3,0.2727,0.39,0.3582,5,17,22
45,1/2/2011,1,0,1,21,0,0,0,1,0.26,0.2273,0.44,0.3284,11,20,31
46,1/2/2011,1,0,1,22,0,0,0,1,0.24,0.2121,0.44,0.2985,0,9,9
47,1/2/2011,1,0,1,23,0,0,0,1,0.22,0.2273,0.47,0.1642,0,8,8
48,1/3/2011,1,0,1,0,0,1,1,1,0.22,0.197,0.44,0.3582,0,5,5
49,1/3/2011,1,0,1,1,0,1,1,1,0.2,0.1667,0.44,0.4179,0,2,2
50,1/3/2011,1,0,1,4,0,1,1,1,0.16,0.1364,0.47,0.3881,0,1,1
51,1/3/2011,1,0,1,5,0,1,1,1,0.16,0.1364,0.47,0.2836,0,3,3
52,1/3/2011,1,0,1,6,0,1,1,1,0.14,0.1061,0.5,0.3881,0,30,30
53,1/3/2011,1,0,1,7,0,1,1,1,0.14,0.1364,0.5,0.194,1,63,64
54,1/3/2011,1,0,1,8,0,1,1,1,0.14,0.1212,0.5,0.2836,1,153,154
55,1/3/2011,1,0,1,9,0,1,1,1,0.16,0.1364,0.43,0.3881,7,81,88
56,1/3/2011,1,0,1,10,0,1,1,1,0.18,0.1667,0.43,0.2537,11,33,44
57,1/3/2011,1,0,1,11,0,1,1,1,0.2,0.1818,0.4,0.3284,10,41,51
58,1/3/2011,1,0,1,12,0,1,1,1,0.22,0.2121,0.35,0.2985,13,48,61
59,1/3/2011,1,0,1,13,0,1,1,1,0.24,0.2121,0.35,0.2836,8,53,61
60,1/3/2011,1,0,1,14,0,1,1,1,0.26,0.2424,0.3,0.2836,11,66,77
61,1/3/2011,1,0,1,15,0,1,1,1,0.26,0.2424,0.3,0.2537,14,58,72
62,1/3/2011,1,0,1,16,0,1,1,1,0.26,0.2424,0.3,0.2537,9,67,76
63,1/3/2011,1,0,1,17,0,1,1,1,0.24,0.2273,0.3,0.2239,11,146,157
64,1/3/2011,1,0,1,18,0,1,1,1,0.24,0.2576,0.32,0.1045,9,148,157
65,1/3/2011,1,0,1,19,0,1,1,1,0.2,0.2576,0.47,0,8,102,110
66,1/3/2011,1,0,1,20,0,1,1,1,0.2,0.2273,0.47,0.1045,3,49,52
67,1/3/2011,1,0,1,21,0,1,1,1,0.18,0.197,0.64,0.1343,3,49,52
68,1/3/2011,1,0,1,22,0,1,1,1,0.14,0.1515,0.69,0.1343,0,20,20
69,1/3/2011,1,0,1,23,0,1,1,1,0.18,0.2121,0.55,0.1045,1,11,12
70,1/4/2011,1,0,1,0,0,2,1,1,0.16,0.1818,0.55,0.1045,0,5,5
71,1/4/2011,1,0,1,1,0,2,1,1,0.16,0.1818,0.59,0.1045,0,2,2
72,1/4/2011,1,0,1,2,0,2,1,1,0.14,0.1515,0.63,0.1343,0,1,1
73,1/4/2011,1,0,1,4,0,2,1,1,0.14,0.1818,0.63,0.0896,0,2,2
74,1/4/2011,1,0,1,5,0,2,1,1,0.12,0.1515,0.68,0.1045,0,4,4
75,1/4/2011,1,0,1,6,0,2,1,1,0.12,0.1515,0.74,0.1045,0,36,36
76,1/4/2011,1,0,1,7,0,2,1,1,0.12,0.1515,0.74,0.1343,2,92,94
77,1/4/2011,1,0,1,8,0,2,1,1,0.14,0.1515,0.69,0.1642,2,177,179
78,1/4/2011,1,0,1,9,0,2,1,1,0.16,0.1515,0.64,0.2239,2,98,100
79,1/4/2011,1,0,1,10,0,2,1,2,0.16,0.1364,0.69,0.3284,5,37,42
80,1/4/2011,1,0,1,11,0,2,1,1,0.22,0.2121,0.51,0.2985,7,50,57
81,1/4/2011,1,0,1,12,0,2,1,1,0.22,0.2273,0.51,0.1642,12,66,78
82,1/4/2011,1,0,1,13,0,2,1,1,0.24,0.2273,0.56,0.194,18,79,97
83,1/4/2011,1,0,1,14,0,2,1,1,0.26,0.2576,0.52,0.2239,9,54,63
84,1/4/2011,1,0,1,15,0,2,1,1,0.28,0.2727,0.52,0.2537,17,48,65
85,1/4/2011,1,0,1,16,0,2,1,1,0.3,0.2879,0.49,0.2537,15,68,83
86,1/4/2011,1,0,1,17,0,2,1,1,0.28,0.2727,0.48,0.2239,10,202,212
87,1/4/2011,1,0,1,18,0,2,1,1,0.26,0.2576,0.48,0.194,3,179,182
88,1/4/2011,1,0,1,19,0,2,1,1,0.24,0.2576,0.48,0.1045,2,110,112
89,1/4/2011,1,0,1,20,0,2,1,1,0.24,0.2576,0.48,0.1045,1,53,54
90,1/4/2011,1,0,1,21,0,2,1,1,0.22,0.2727,0.64,0,0,48,48
91,1/4/2011,1,0,1,22,0,2,1,1,0.22,0.2576,0.64,0.0896,1,34,35
92,1/4/2011,1,0,1,23,0,2,1,1,0.2,0.2273,0.69,0.0896,2,9,11
93,1/5/2011,1,0,1,0,0,3,1,1,0.2,0.2576,0.64,0,0,6,6
94,1/5/2011,1,0,1,1,0,3,1,1,0.16,0.197,0.74,0.0896,0,6,6
95,1/5/2011,1,0,1,2,0,3,1,1,0.16,0.197,0.74,0.0896,0,2,2
96,1/5/2011,1,0,1,4,0,3,1,1,0.24,0.2273,0.48,0.2239,0,2,2
97,1/5/2011,1,0,1,5,0,3,1,1,0.22,0.2273,0.47,0.1642,0,3,3
98,1/5/2011,1,0,1,6,0,3,1,1,0.2,0.197,0.47,0.2239,0,33,33
99,1/5/2011,1,0,1,7,0,3,1,1,0.18,0.1818,0.43,0.194,1,87,88
100,1/5/2011,1,0,1,8,0,3,1,1,0.2,0.1818,0.4,0.2985,3,192,195
101,1/5/2011,1,0,1,9,0,3,1,1,0.22,0.197,0.37,0.3284,6,109,115
102,1/5/2011,1,0,1,10,0,3,1,1,0.22,0.197,0.37,0.3284,4,53,57
103,1/5/2011,1,0,1,11,0,3,1,1,0.26,0.2273,0.33,0.3284,12,34,46
104,1/5/2011,1,0,1,12,0,3,1,1,0.26,0.2273,0.33,0.3284,5,74,79
105,1/5/2011,1,0,1,13,0,3,1,1,0.28,0.2576,0.3,0.2985,6,65,71
106,1/5/2011,1,0,1,14,0,3,1,1,0.3,0.2879,0.28,0.194,10,52,62
107,1/5/2011,1,0,1,15,0,3,1,1,0.3,0.2879,0.28,0.194,7,55,62
108,1/5/2011,1,0,1,16,0,3,1,1,0.3,0.3182,0.28,0.0896,4,85,89
109,1/5/2011,1,0,1,17,0,3,1,1,0.24,0.2273,0.38,0.194,4,186,190
110,1/5/2011,1,0,1,18,0,3,1,1,0.24,0.2424,0.38,0.1343,3,166,169
111,1/5/2011,1,0,1,19,0,3,1,1,0.24,0.2576,0.38,0.1045,5,127,132
112,1/5/2011,1,0,1,20,0,3,1,1,0.22,0.2273,0.47,0.1642,7,82,89
113,1/5/2011,1,0,1,21,0,3,1,1,0.2,0.197,0.51,0.194,3,40,43
114,1/5/2011,1,0,1,22,0,3,1,1,0.18,0.197,0.55,0.1343,1,41,42
115,1/5/2011,1,0,1,23,0,3,1,1,0.2,0.2576,0.47,0,1,18,19
116,1/6/2011,1,0,1,0,0,4,1,1,0.18,0.2424,0.55,0,0,11,11
117,1/6/2011,1,0,1,1,0,4,1,1,0.16,0.2273,0.64,0,0,4,4
118,1/6/2011,1,0,1,2,0,4,1,1,0.16,0.2273,0.64,0,0,2,2
119,1/6/2011,1,0,1,4,0,4,1,2,0.16,0.197,0.64,0.0896,0,1,1
120,1/6/2011,1,0,1,5,0,4,1,2,0.14,0.1818,0.69,0.0896,0,4,4
121,1/6/2011,1,0,1,6,0,4,1,2,0.14,0.1667,0.63,0.1045,0,36,36
122,1/6/2011,1,0,1,7,0,4,1,2,0.16,0.2273,0.59,0,0,95,95
123,1/6/2011,1,0,1,8,0,4,1,1,0.16,0.2273,0.59,0,3,216,219
124,1/6/2011,1,0,1,9,0,4,1,2,0.18,0.2424,0.51,0,6,116,122
125,1/6/2011,1,0,1,10,0,4,1,1,0.2,0.2576,0.47,0,3,42,45
126,1/6/2011,1,0,1,11,0,4,1,1,0.22,0.2576,0.44,0.0896,2,57,59
127,1/6/2011,1,0,1,12,0,4,1,1,0.26,0.2879,0.35,0,6,78,84
128,1/6/2011,1,0,1,13,0,4,1,1,0.26,0.2727,0.35,0.1045,12,55,67
129,1/6/2011,1,0,1,14,0,4,1,1,0.28,0.2727,0.36,0.1642,11,59,70
130,1/6/2011,1,0,1,15,0,4,1,1,0.28,0.2727,0.36,0,8,54,62
131,1/6/2011,1,0,1,16,0,4,1,1,0.26,0.2576,0.38,0.1642,12,74,86
132,1/6/2011,1,0,1,17,0,4,1,1,0.22,0.2273,0.51,0.1642,9,163,172
133,1/6/2011,1,0,1,18,0,4,1,1,0.22,0.2273,0.51,0.1343,5,158,163
134,1/6/2011,1,0,1,19,0,4,1,1,0.22,0.2576,0.55,0.0896,3,109,112
135,1/6/2011,1,0,1,20,0,4,1,1,0.2,0.2121,0.51,0.1642,3,66,69
136,1/6/2011,1,0,1,21,0,4,1,2,0.22,0.2121,0.55,0.2239,0,48,48
137,1/6/2011,1,0,1,22,0,4,1,2,0.22,0.2121,0.51,0.2836,1,51,52
138,1/6/2011,1,0,1,23,0,4,1,2,0.2,0.197,0.59,0.194,4,19,23
139,1/7/2011,1,0,1,0,0,5,1,2,0.2,0.197,0.64,0.194,4,13,17
140,1/7/2011,1,0,1,1,0,5,1,2,0.2,0.197,0.69,0.2239,2,5,7
141,1/7/2011,1,0,1,2,0,5,1,2,0.2,0.197,0.69,0.2239,0,1,1
142,1/7/2011,1,0,1,4,0,5,1,2,0.2,0.2121,0.69,0.1343,0,1,1
143,1/7/2011,1,0,1,5,0,5,1,3,0.22,0.2727,0.55,0,0,5,5
144,1/7/2011,1,0,1,6,0,5,1,2,0.2,0.2576,0.69,0,8,26,34
145,1/7/2011,1,0,1,7,0,5,1,1,0.2,0.2121,0.69,0.1343,8,76,84
146,1/7/2011,1,0,1,8,0,5,1,1,0.2,0.197,0.51,0.2537,20,190,210
147,1/7/2011,1,0,1,9,0,5,1,1,0.2,0.1818,0.47,0.2985,9,125,134
148,1/7/2011,1,0,1,10,0,5,1,1,0.22,0.197,0.37,0.3284,16,47,63
149,1/7/2011,1,0,1,11,0,5,1,2,0.2,0.197,0.4,0.2239,19,48,67
150,1/7/2011,1,0,1,12,0,5,1,2,0.2,0.197,0.37,0.2537,9,50,59
151,1/7/2011,1,0,1,13,0,5,1,2,0.2,0.1818,0.37,0.2836,9,64,73
152,1/7/2011,1,0,1,14,0,5,1,2,0.2,0.197,0.4,0.2537,7,43,50
153,1/7/2011,1,0,1,15,0,5,1,2,0.2,0.2121,0.37,0.1642,9,63,72
154,1/7/2011,1,0,1,16,0,5,1,2,0.2,0.2121,0.37,0.1642,5,82,87
155,1/7/2011,1,0,1,17,0,5,1,2,0.2,0.2576,0.37,0,9,178,187
156,1/7/2011,1,0,1,18,0,5,1,1,0.2,0.2273,0.4,0.0896,7,116,123
157,1/7/2011,1,0,1,19,0,5,1,1,0.16,0.197,0.55,0.0896,3,92,95
158,1/7/2011,1,0,1,20,0,5,1,1,0.18,0.2121,0.47,0.1045,1,50,51
159,1/7/2011,1,0,1,21,0,5,1,1,0.18,0.197,0.47,0.1343,0,39,39
160,1/7/2011,1,0,1,22,0,5,1,2,0.18,0.197,0.43,0.1642,2,34,36
161,1/7/2011,1,0,1,23,0,5,1,2,0.18,0.197,0.51,0.1642,1,14,15
162,1/8/2011,1,0,1,0,0,6,0,2,0.18,0.197,0.51,0.1642,1,24,25
163,1/8/2011,1,0,1,1,0,6,0,2,0.18,0.2121,0.55,0.0896,1,15,16
164,1/8/2011,1,0,1,2,0,6,0,2,0.18,0.2424,0.55,0,3,13,16
165,1/8/2011,1,0,1,3,0,6,0,3,0.18,0.197,0.55,0.1642,0,7,7
166,1/8/2011,1,0,1,4,0,6,0,3,0.18,0.197,0.55,0.1642,0,1,1
167,1/8/2011,1,0,1,5,0,6,0,2,0.16,0.1667,0.74,0.1642,0,5,5
168,1/8/2011,1,0,1,6,0,6,0,2,0.16,0.1667,0.74,0.1642,0,2,2
169,1/8/2011,1,0,1,7,0,6,0,2,0.16,0.1818,0.74,0.1045,1,8,9
170,1/8/2011,1,0,1,8,0,6,0,3,0.16,0.1818,0.93,0.1045,0,15,15
171,1/8/2011,1,0,1,9,0,6,0,3,0.16,0.1818,0.93,0.1045,0,20,20
172,1/8/2011,1,0,1,10,0,6,0,2,0.18,0.197,0.8,0.1642,5,56,61
173,1/8/2011,1,0,1,11,0,6,0,2,0.2,0.1818,0.69,0.3881,2,60,62
174,1/8/2011,1,0,1,12,0,6,0,2,0.2,0.1818,0.59,0.3582,8,90,98
175,1/8/2011,1,0,1,13,0,6,0,1,0.2,0.1818,0.44,0.3284,7,95,102
176,1/8/2011,1,0,1,14,0,6,0,1,0.2,0.1667,0.32,0.4925,12,83,95
177,1/8/2011,1,0,1,15,0,6,0,1,0.2,0.1667,0.32,0.4478,5,69,74
178,1/8/2011,1,0,1,16,0,6,0,1,0.18,0.1364,0.29,0.4478,8,68,76
179,1/8/2011,1,0,1,17,0,6,0,1,0.16,0.1212,0.37,0.5522,5,64,69
180,1/8/2011,1,0,1,18,0,6,0,1,0.14,0.1212,0.39,0.2985,3,52,55
181,1/8/2011,1,0,1,19,0,6,0,1,0.14,0.1212,0.36,0.2537,4,26,30
182,1/8/2011,1,0,1,20,0,6,0,1,0.12,0.1212,0.36,0.2537,0,28,28
183,1/8/2011,1,0,1,21,0,6,0,1,0.12,0.1061,0.39,0.3582,2,35,37
184,1/8/2011,1,0,1,22,0,6,0,1,0.12,0.1061,0.36,0.3881,1,33,34
185,1/8/2011,1,0,1,23,0,6,0,1,0.1,0.0606,0.39,0.4478,0,22,22
186,1/9/2011,1,0,1,0,0,0,0,1,0.1,0.0758,0.42,0.3881,1,24,25
187,1/9/2011,1,0,1,1,0,0,0,1,0.1,0.0606,0.42,0.4627,0,12,12
188,1/9/2011,1,0,1,2,0,0,0,1,0.1,0.0606,0.46,0.4627,0,11,11
189,1/9/2011,1,0,1,3,0,0,0,1,0.1,0.0758,0.46,0.4179,0,4,4
190,1/9/2011,1,0,1,4,0,0,0,1,0.08,0.0909,0.53,0.194,0,1,1
191,1/9/2011,1,0,1,5,0,0,0,1,0.08,0.0909,0.53,0.194,0,1,1
192,1/9/2011,1,0,1,6,0,0,0,1,0.1,0.0909,0.49,0.2836,0,1,1
193,1/9/2011,1,0,1,7,0,0,0,1,0.08,0.0909,0.53,0.194,1,5,6
194,1/9/2011,1,0,1,8,0,0,0,1,0.1,0.0909,0.49,0.2836,0,10,10
195,1/9/2011,1,0,1,9,0,0,0,1,0.12,0.0758,0.46,0.5224,0,19,19
196,1/9/2011,1,0,1,10,0,0,0,1,0.14,0.1061,0.43,0.3881,0,49,49
197,1/9/2011,1,0,1,11,0,0,0,1,0.16,0.1212,0.4,0.5224,2,47,49
198,1/9/2011,1,0,1,12,0,0,0,1,0.18,0.1364,0.37,0.4478,4,79,83
199,1/9/2011,1,0,1,13,0,0,0,1,0.2,0.1667,0.34,0.4478,6,69,75
200,1/9/2011,1,0,1,14,0,0,0,1,0.22,0.1818,0.32,0.4627,8,64,72
201,1/9/2011,1,0,1,15,0,0,0,1,0.22,0.197,0.35,0.3582,5,77,82
202,1/9/2011,1,0,1,16,0,0,0,1,0.2,0.1667,0.34,0.4478,13,79,92
203,1/9/2011,1,0,1,17,0,0,0,1,0.18,0.1515,0.37,0.3881,3,59,62
204,1/9/2011,1,0,1,18,0,0,0,1,0.16,0.1364,0.4,0.3284,4,44,48
205,1/9/2011,1,0,1,19,0,0,0,1,0.16,0.1364,0.43,0.3284,1,40,41
206,1/9/2011,1,0,1,20,0,0,0,1,0.14,0.1212,0.46,0.2537,0,38,38
207,1/9/2011,1,0,1,21,0,0,0,1,0.14,0.1061,0.46,0.4179,1,19,20
208,1/9/2011,1,0,1,22,0,0,0,1,0.14,0.1212,0.46,0.2985,5,10,15
209,1/9/2011,1,0,1,23,0,0,0,1,0.12,0.1364,0.5,0.194,0,6,6
689,2/1/2011,1,0,2,0,0,2,1,2,0.16,0.1818,0.64,0.1045,2,6,8
690,2/1/2011,1,0,2,1,0,2,1,2,0.16,0.1818,0.69,0.1045,0,3,3
691,2/1/2011,1,0,2,2,0,2,1,2,0.16,0.2273,0.69,0,0,2,2
692,2/1/2011,1,0,2,3,0,2,1,2,0.16,0.2273,0.69,0,0,2,2
693,2/1/2011,1,0,2,5,0,2,1,3,0.14,0.2121,0.93,0,0,3,3
694,2/1/2011,1,0,2,6,0,2,1,3,0.14,0.2121,0.93,0,0,22,22
695,2/1/2011,1,0,2,7,0,2,1,3,0.16,0.2273,0.93,0,0,52,52
696,2/1/2011,1,0,2,8,0,2,1,3,0.16,0.2273,0.93,0,3,132,135
697,2/1/2011,1,0,2,9,0,2,1,2,0.16,0.2273,0.93,0,2,114,116
698,2/1/2011,1,0,2,10,0,2,1,2,0.16,0.2273,0.93,0,0,47,47
699,2/1/2011,1,0,2,11,0,2,1,2,0.18,0.2424,0.86,0,2,49,51
700,2/1/2011,1,0,2,12,0,2,1,2,0.2,0.2576,0.86,0,2,53,55
701,2/1/2011,1,0,2,13,0,2,1,2,0.2,0.2576,0.86,0,3,49,52
702,2/1/2011,1,0,2,14,0,2,1,2,0.22,0.2576,0.8,0.0896,5,49,54
703,2/1/2011,1,0,2,15,0,2,1,2,0.24,0.2879,0.75,0,7,45,52
704,2/1/2011,1,0,2,16,0,2,1,2,0.24,0.2424,0.75,0.1343,3,61,64
705,2/1/2011,1,0,2,17,0,2,1,2,0.24,0.2879,0.75,0,4,172,176
706,2/1/2011,1,0,2,18,0,2,1,2,0.24,0.2576,0.81,0.1045,3,165,168
707,2/1/2011,1,0,2,19,0,2,1,2,0.24,0.2424,0.81,0.1343,3,105,108
708,2/1/2011,1,0,2,20,0,2,1,2,0.22,0.2273,0.87,0.1343,5,69,74
709,2/1/2011,1,0,2,21,0,2,1,2,0.22,0.2273,0.87,0.1343,0,64,64
710,2/1/2011,1,0,2,22,0,2,1,2,0.22,0.2576,0.87,0.0896,2,34,36
711,2/1/2011,1,0,2,23,0,2,1,3,0.2,0.197,0.93,0.194,1,15,16
712,2/2/2011,1,0,2,0,0,3,1,3,0.22,0.2424,0.93,0.1045,0,2,2
713,2/2/2011,1,0,2,1,0,3,1,3,0.22,0.2273,0.93,0.194,0,3,3
714,2/2/2011,1,0,2,2,0,3,1,3,0.22,0.2273,0.93,0.1343,4,0,4
715,2/2/2011,1,0,2,3,0,3,1,3,0.22,0.2273,0.93,0.1343,0,1,1
716,2/2/2011,1,0,2,4,0,3,1,3,0.22,0.2121,0.93,0.2836,0,1,1
717,2/2/2011,1,0,2,5,0,3,1,3,0.22,0.2424,0.93,0.1045,0,3,3
718,2/2/2011,1,0,2,6,0,3,1,3,0.22,0.2424,0.93,0.1045,1,17,18
719,2/2/2011,1,0,2,7,0,3,1,3,0.22,0.2121,0.93,0.2239,1,48,49
720,2/2/2011,1,0,2,8,0,3,1,3,0.22,0.2121,0.93,0.2239,1,154,155
721,2/2/2011,1,0,2,9,0,3,1,2,0.24,0.2576,0.93,0.0896,4,119,123
722,2/2/2011,1,0,2,10,0,3,1,2,0.22,0.2727,1,0,2,59,61
723,2/2/2011,1,0,2,11,0,3,1,2,0.24,0.2273,0.93,0.194,5,47,52
724,2/2/2011,1,0,2,12,0,3,1,2,0.24,0.2273,0.93,0.2239,3,61,64
725,2/2/2011,1,0,2,13,0,3,1,1,0.34,0.3333,0.93,0.1642,1,74,75
726,2/2/2011,1,0,2,14,0,3,1,1,0.38,0.3939,0.82,0.3881,2,61,63
727,2/2/2011,1,0,2,15,0,3,1,1,0.38,0.3939,0.76,0.3284,10,66,76
728,2/2/2011,1,0,2,16,0,3,1,1,0.36,0.3333,0.71,0.2985,8,95,103
729,2/2/2011,1,0,2,17,0,3,1,1,0.36,0.3182,0.53,0.5224,7,183,190
730,2/2/2011,1,0,2,18,0,3,1,1,0.34,0.2879,0.42,0.5522,7,175,182
731,2/2/2011,1,0,2,19,0,3,1,1,0.28,0.2424,0.45,0.4925,3,88,91
732,2/2/2011,1,0,2,20,0,3,1,1,0.24,0.197,0.48,0.5522,4,71,75
733,2/2/2011,1,0,2,21,0,3,1,1,0.22,0.197,0.47,0.3284,1,62,63
734,2/2/2011,1,0,2,22,0,3,1,1,0.22,0.2121,0.44,0.2537,5,35,40
735,2/2/2011,1,0,2,23,0,3,1,1,0.2,0.1667,0.44,0.4478,3,29,32
736,2/3/2011,1,0,2,0,0,4,1,1,0.2,0.1667,0.4,0.4478,1,11,12
737,2/3/2011,1,0,2,1,0,4,1,1,0.2,0.1515,0.44,0.5224,0,5,5
738,2/3/2011,1,0,2,2,0,4,1,1,0.18,0.1667,0.43,0.2537,0,2,2
739,2/3/2011,1,0,2,3,0,4,1,1,0.18,0.1667,0.43,0.2537,0,1,1
740,2/3/2011,1,0,2,5,0,4,1,1,0.16,0.1364,0.5,0.2985,0,2,2
741,2/3/2011,1,0,2,6,0,4,1,1,0.16,0.1364,0.43,0.3582,0,39,39
742,2/3/2011,1,0,2,7,0,4,1,1,0.14,0.1212,0.5,0.3284,1,86,87
743,2/3/2011,1,0,2,8,0,4,1,1,0.14,0.1212,0.5,0.3582,4,184,188
744,2/3/2011,1,0,2,9,0,4,1,1,0.16,0.1364,0.47,0.2985,6,127,133
745,2/3/2011,1,0,2,10,0,4,1,1,0.18,0.1515,0.43,0.3284,2,50,52
746,2/3/2011,1,0,2,11,0,4,1,1,0.18,0.1364,0.43,0.4478,9,55,64
747,2/3/2011,1,0,2,12,0,4,1,1,0.2,0.1818,0.4,0.3582,2,67,69
748,2/3/2011,1,0,2,13,0,4,1,1,0.2,0.1667,0.4,0.4179,4,47,51
749,2/3/2011,1,0,2,14,0,4,1,1,0.22,0.197,0.37,0.3881,4,43,47
750,2/3/2011,1,0,2,15,0,4,1,1,0.22,0.197,0.37,0.3284,4,56,60
751,2/3/2011,1,0,2,16,0,4,1,1,0.22,0.2121,0.37,0.2537,5,73,78
752,2/3/2011,1,0,2,17,0,4,1,1,0.2,0.197,0.4,0.194,5,170,175
753,2/3/2011,1,0,2,18,0,4,1,1,0.2,0.2121,0.4,0.1642,2,145,147
754,2/3/2011,1,0,2,19,0,4,1,1,0.2,0.2576,0.4,0,4,92,96
755,2/3/2011,1,0,2,20,0,4,1,1,0.2,0.2273,0.47,0.0896,1,108,109
756,2/3/2011,1,0,2,21,0,4,1,1,0.18,0.2121,0.55,0.1045,1,53,54
757,2/3/2011,1,0,2,22,0,4,1,1,0.18,0.2121,0.51,0.0896,2,39,41
758,2/3/2011,1,0,2,23,0,4,1,1,0.2,0.2273,0.47,0.1045,4,34,38
759,2/4/2011,1,0,2,0,0,5,1,2,0.2,0.2576,0.44,0,3,10,13
760,2/4/2011,1,0,2,1,0,5,1,2,0.16,0.2273,0.59,0,0,7,7
761,2/4/2011,1,0,2,2,0,5,1,2,0.14,0.1667,0.63,0.1045,0,1,1
762,2/4/2011,1,0,2,3,0,5,1,2,0.14,0.1667,0.63,0.1045,0,1,1
763,2/4/2011,1,0,2,5,0,5,1,2,0.14,0.1515,0.63,0.1343,0,7,7
764,2/4/2011,1,0,2,6,0,5,1,2,0.16,0.2273,0.55,0,2,26,28
765,2/4/2011,1,0,2,7,0,5,1,1,0.14,0.2121,0.59,0,0,87,87
766,2/4/2011,1,0,2,8,0,5,1,1,0.14,0.1515,0.74,0.1343,3,217,220
767,2/4/2011,1,0,2,9,0,5,1,2,0.16,0.1818,0.8,0.1343,3,124,127
768,2/4/2011,1,0,2,10,0,5,1,2,0.2,0.2121,0.51,0.1343,5,46,51
769,2/4/2011,1,0,2,11,0,5,1,1,0.22,0.2273,0.51,0.1642,3,61,64
770,2/4/2011,1,0,2,12,0,5,1,2,0.24,0.2424,0.48,0.1642,8,78,86
771,2/4/2011,1,0,2,13,0,5,1,2,0.26,0.2576,0.5,0.2239,9,73,82
772,2/4/2011,1,0,2,14,0,5,1,2,0.28,0.2727,0.45,0.1642,15,76,91
773,2/4/2011,1,0,2,15,0,5,1,2,0.28,0.2727,0.48,0.2537,9,81,90
774,2/4/2011,1,0,2,16,0,5,1,2,0.3,0.2879,0.42,0.2239,8,91,99
775,2/4/2011,1,0,2,17,0,5,1,2,0.26,0.2727,0.56,0.1343,10,195,205
776,2/4/2011,1,0,2,18,0,5,1,2,0.24,0.2576,0.6,0.1045,3,152,155
777,2/4/2011,1,0,2,19,0,5,1,2,0.24,0.2424,0.65,0.1343,1,102,103
778,2/4/2011,1,0,2,20,0,5,1,2,0.24,0.2424,0.65,0.1642,2,69,71
779,2/4/2011,1,0,2,21,0,5,1,2,0.24,0.2424,0.7,0.1642,2,41,43
780,2/4/2011,1,0,2,22,0,5,1,2,0.24,0.2424,0.65,0.1642,1,45,46
781,2/4/2011,1,0,2,23,0,5,1,2,0.24,0.2424,0.7,0.1343,1,30,31
782,2/5/2011,1,0,2,0,0,6,0,2,0.24,0.2424,0.7,0.1642,3,36,39
783,2/5/2011,1,0,2,1,0,6,0,2,0.24,0.2424,0.65,0.1642,1,17,18
784,2/5/2011,1,0,2,2,0,6,0,2,0.24,0.2424,0.75,0.1642,5,12,17
785,2/5/2011,1,0,2,3,0,6,0,2,0.24,0.2424,0.75,0.1642,1,10,11
786,2/5/2011,1,0,2,4,0,6,0,3,0.22,0.2273,0.93,0.1343,0,8,8
787,2/5/2011,1,0,2,5,0,6,0,3,0.2,0.2273,1,0.0896,0,9,9
788,2/5/2011,1,0,2,6,0,6,0,3,0.2,0.2576,1,0,0,4,4
789,2/5/2011,1,0,2,7,0,6,0,3,0.22,0.2576,0.93,0.0896,0,4,4
790,2/5/2011,1,0,2,8,0,6,0,3,0.2,0.2273,1,0.0896,0,10,10
791,2/5/2011,1,0,2,9,0,6,0,3,0.2,0.2273,1,0.0896,3,17,20
792,2/5/2011,1,0,2,10,0,6,0,3,0.2,0.2121,1,0.1343,3,31,34
793,2/5/2011,1,0,2,11,0,6,0,3,0.22,0.2273,1,0.1343,1,46,47
794,2/5/2011,1,0,2,12,0,6,0,3,0.22,0.2273,1,0.1642,10,42,52
795,2/5/2011,1,0,2,13,0,6,0,3,0.22,0.2273,1,0.1642,10,62,72
796,2/5/2011,1,0,2,14,0,6,0,3,0.22,0.2727,1,0,5,50,55
797,2/5/2011,1,0,2,15,0,6,0,3,0.22,0.2727,1,0,11,49,60
798,2/5/2011,1,0,2,16,0,6,0,3,0.22,0.2273,1,0.1343,8,63,71
799,2/5/2011,1,0,2,17,0,6,0,2,0.24,0.2121,1,0.2836,14,64,78
800,2/5/2011,1,0,2,18,0,6,0,2,0.28,0.2424,0.93,0.4478,2,81,83
801,2/5/2011,1,0,2,19,0,6,0,2,0.28,0.2424,0.93,0.4478,6,78,84
802,2/5/2011,1,0,2,20,0,6,0,1,0.3,0.2879,0.87,0.2537,5,64,69
803,2/5/2011,1,0,2,21,0,6,0,1,0.26,0.2576,1,0.194,3,53,56
804,2/5/2011,1,0,2,22,0,6,0,1,0.26,0.2727,0.93,0.1343,2,43,45
805,2/5/2011,1,0,2,23,0,6,0,1,0.26,0.2576,0.93,0.2239,7,52,59
806,2/6/2011,1,0,2,0,0,0,0,1,0.26,0.2576,0.7,0.194,2,37,39
807,2/6/2011,1,0,2,1,0,0,0,1,0.26,0.2273,0.65,0.4179,4,40,44
808,2/6/2011,1,0,2,2,0,0,0,1,0.26,0.2273,0.6,0.3284,0,20,20
809,2/6/2011,1,0,2,3,0,0,0,1,0.26,0.2879,0.6,0.0896,3,10,13
810,2/6/2011,1,0,2,4,0,0,0,1,0.26,0.2273,0.6,0.3582,0,2,2
811,2/6/2011,1,0,2,5,0,0,0,1,0.26,0.2576,0.6,0.2239,0,1,1
812,2/6/2011,1,0,2,6,0,0,0,1,0.26,0.2576,0.6,0.2239,0,1,1
813,2/6/2011,1,0,2,7,0,0,0,1,0.24,0.2424,0.65,0.1642,0,8,8
814,2/6/2011,1,0,2,8,0,0,0,1,0.24,0.2576,0.65,0.1045,2,21,23
815,2/6/2011,1,0,2,9,0,0,0,1,0.28,0.2879,0.56,0.1045,7,38,45
816,2/6/2011,1,0,2,10,0,0,0,1,0.3,0.2879,0.52,0.2537,15,74,89
817,2/6/2011,1,0,2,11,0,0,0,1,0.32,0.303,0.49,0.2537,28,89,117
818,2/6/2011,1,0,2,12,0,0,0,1,0.34,0.3333,0.46,0,48,126,174
819,2/6/2011,1,0,2,13,0,0,0,1,0.34,0.3636,0.46,0,47,135,182
820,2/6/2011,1,0,2,14,0,0,0,1,0.34,0.3485,0.46,0.0896,47,114,161
821,2/6/2011,1,0,2,15,0,0,0,1,0.34,0.3485,0.46,0.0896,52,130,182
822,2/6/2011,1,0,2,16,0,0,0,1,0.34,0.3485,0.49,0.1045,42,115,157
823,2/6/2011,1,0,2,17,0,0,0,1,0.34,0.3636,0.46,0,24,97,121
824,2/6/2011,1,0,2,18,0,0,0,1,0.3,0.303,0.56,0.1642,13,65,78
825,2/6/2011,1,0,2,19,0,0,0,1,0.28,0.2879,0.61,0.1343,1,20,21
826,2/6/2011,1,0,2,20,0,0,0,1,0.28,0.2879,0.61,0.1045,5,21,26
827,2/6/2011,1,0,2,21,0,0,0,1,0.26,0.303,0.6,0,5,22,27
828,2/6/2011,1,0,2,22,0,0,0,1,0.26,0.303,0.6,0,5,57,62
829,2/6/2011,1,0,2,23,0,0,0,1,0.24,0.2879,0.65,0,4,26,30
830,2/7/2011,1,0,2,0,0,1,1,1,0.24,0.2879,0.65,0,1,14,15
831,2/7/2011,1,0,2,1,0,1,1,1,0.22,0.2727,0.75,0,1,4,5
832,2/7/2011,1,0,2,2,0,1,1,1,0.2,0.2576,0.8,0,0,3,3
833,2/7/2011,1,0,2,3,0,1,1,1,0.2,0.2576,0.86,0,0,1,1
834,2/7/2011,1,0,2,4,0,1,1,1,0.2,0.2576,0.86,0,1,1,2
835,2/7/2011,1,0,2,5,0,1,1,1,0.2,0.2576,0.86,0,1,9,10
836,2/7/2011,1,0,2,6,0,1,1,1,0.18,0.2424,0.93,0,1,29,30
837,2/7/2011,1,0,2,7,0,1,1,1,0.18,0.2424,0.86,0,6,89,95
838,2/7/2011,1,0,2,8,0,1,1,2,0.16,0.2273,1,0,7,223,230
839,2/7/2011,1,0,2,9,0,1,1,1,0.22,0.2727,0.8,0,3,115,118
840,2/7/2011,1,0,2,10,0,1,1,1,0.24,0.2576,0.75,0.1045,6,49,55
841,2/7/2011,1,0,2,11,0,1,1,1,0.3,0.3182,0.65,0.0896,11,36,47
842,2/7/2011,1,0,2,12,0,1,1,2,0.32,0.3485,0.62,0,7,59,66
843,2/7/2011,1,0,2,13,0,1,1,2,0.36,0.3636,0.57,0.0896,10,54,64
844,2/7/2011,1,0,2,14,0,1,1,2,0.36,0.3636,0.57,0.0896,8,52,60
845,2/7/2011,1,0,2,15,0,1,1,2,0.38,0.3939,0.54,0.0896,4,46,50
846,2/7/2011,1,0,2,16,0,1,1,2,0.36,0.3485,0.57,0.1343,16,98,114
847,2/7/2011,1,0,2,17,0,1,1,2,0.32,0.3182,0.7,0.1642,9,207,216
848,2/7/2011,1,0,2,18,0,1,1,2,0.34,0.3333,0.66,0.1343,5,170,175
849,2/7/2011,1,0,2,19,0,1,1,2,0.32,0.3485,0.7,0,5,123,128
850,2/7/2011,1,0,2,20,0,1,1,2,0.32,0.3333,0.7,0.1045,6,82,88
851,2/7/2011,1,0,2,21,0,1,1,1,0.32,0.3485,0.7,0,3,75,78
852,2/7/2011,1,0,2,22,0,1,1,1,0.28,0.303,0.81,0.0896,3,34,37
853,2/7/2011,1,0,2,23,0,1,1,2,0.3,0.3333,0.81,0,6,19,25
854,2/8/2011,1,0,2,0,0,2,1,2,0.28,0.3182,0.87,0,4,6,10
855,2/8/2011,1,0,2,1,0,2,1,2,0.28,0.3182,0.87,0,0,4,4
856,2/8/2011,1,0,2,2,0,2,1,2,0.26,0.2727,0.93,0.1045,1,1,2
857,2/8/2011,1,0,2,3,0,2,1,3,0.28,0.2727,0.93,0.1642,0,1,1
858,2/8/2011,1,0,2,4,0,2,1,1,0.26,0.2576,0.93,0.1642,0,3,3
859,2/8/2011,1,0,2,5,0,2,1,1,0.26,0.2273,0.81,0.3284,0,2,2
860,2/8/2011,1,0,2,6,0,2,1,1,0.26,0.2273,0.7,0.3284,0,39,39
861,2/8/2011,1,0,2,7,0,2,1,1,0.24,0.197,0.65,0.4179,3,97,100
862,2/8/2011,1,0,2,8,0,2,1,1,0.24,0.197,0.56,0.4925,7,236,243
863,2/8/2011,1,0,2,9,0,2,1,1,0.24,0.197,0.52,0.4925,7,128,135
864,2/8/2011,1,0,2,10,0,2,1,1,0.22,0.1818,0.47,0.5522,4,44,48
865,2/8/2011,1,0,2,11,0,2,1,1,0.22,0.1818,0.47,0.4627,1,49,50
866,2/8/2011,1,0,2,12,0,2,1,1,0.24,0.197,0.38,0.4925,2,63,65
867,2/8/2011,1,0,2,13,0,2,1,2,0.24,0.197,0.32,0.4478,2,48,50
868,2/8/2011,1,0,2,14,0,2,1,1,0.22,0.197,0.37,0.4179,3,61,64
869,2/8/2011,1,0,2,15,0,2,1,1,0.22,0.197,0.35,0.3881,6,45,51
870,2/8/2011,1,0,2,16,0,2,1,1,0.22,0.1818,0.35,0.5224,4,79,83
871,2/8/2011,1,0,2,17,0,2,1,1,0.22,0.1818,0.32,0.5821,4,172,176
872,2/8/2011,1,0,2,18,0,2,1,1,0.2,0.1818,0.32,0.3881,1,151,152
873,2/8/2011,1,0,2,19,0,2,1,1,0.16,0.1212,0.4,0.4627,1,100,101
874,2/8/2011,1,0,2,20,0,2,1,1,0.16,0.1364,0.4,0.3284,3,53,56
875,2/8/2011,1,0,2,21,0,2,1,1,0.14,0.1061,0.33,0.4627,8,46,54
876,2/8/2011,1,0,2,22,0,2,1,1,0.12,0.1061,0.33,0.3582,0,29,29
877,2/8/2011,1,0,2,23,0,2,1,1,0.12,0.1061,0.33,0.3284,3,9,12
878,2/9/2011,1,0,2,0,0,3,1,1,0.1,0.0758,0.36,0.3582,0,17,17
879,2/9/2011,1,0,2,1,0,3,1,1,0.1,0.1061,0.36,0.2239,0,7,7
880,2/9/2011,1,0,2,2,0,3,1,1,0.08,0.0758,0.38,0.2836,1,2,3
881,2/9/2011,1,0,2,3,0,3,1,1,0.06,0.0758,0.45,0.1343,0,2,2
882,2/9/2011,1,0,2,5,0,3,1,1,0.06,0.1061,0.45,0.1045,0,7,7
883,2/9/2011,1,0,2,6,0,3,1,1,0.06,0.1515,0.45,0,0,43,43
884,2/9/2011,1,0,2,7,0,3,1,1,0.06,0.1061,0.49,0.1045,4,95,99
885,2/9/2011,1,0,2,8,0,3,1,1,0.1,0.1364,0.42,0,1,198,199
886,2/9/2011,1,0,2,9,0,3,1,1,0.12,0.1364,0.39,0.1642,4,119,123
887,2/9/2011,1,0,2,10,0,3,1,1,0.14,0.1818,0.36,0,8,51,59
888,2/9/2011,1,0,2,11,0,3,1,2,0.14,0.1515,0.43,0.1642,1,40,41
889,2/9/2011,1,0,2,12,0,3,1,2,0.18,0.1818,0.4,0.2239,4,57,61
890,2/9/2011,1,0,2,13,0,3,1,1,0.18,0.1667,0.4,0.2537,2,67,69
891,2/9/2011,1,0,2,14,0,3,1,1,0.2,0.1818,0.34,0.2985,2,56,58
892,2/9/2011,1,0,2,15,0,3,1,2,0.2,0.1818,0.34,0.2836,3,61,64
893,2/9/2011,1,0,2,16,0,3,1,2,0.2,0.197,0.37,0.2537,7,72,79
894,2/9/2011,1,0,2,17,0,3,1,2,0.2,0.197,0.34,0.2537,9,157,166
895,2/9/2011,1,0,2,18,0,3,1,2,0.18,0.1667,0.47,0.2985,2,168,170
896,2/9/2011,1,0,2,19,0,3,1,3,0.14,0.1212,0.86,0.2537,1,87,88
897,2/9/2011,1,0,2,20,0,3,1,3,0.14,0.1515,0.86,0.1642,0,84,84
898,2/9/2011,1,0,2,21,0,3,1,2,0.14,0.1515,0.86,0.1642,0,83,83
899,2/9/2011,1,0,2,22,0,3,1,3,0.16,0.1667,0.8,0.1642,4,42,46
900,2/9/2011,1,0,2,23,0,3,1,3,0.16,0.1515,0.8,0.194,0,37,37
1338,3/1/2011,1,0,3,0,0,2,1,1,0.3,0.2727,0.7,0.4627,0,7,7
1339,3/1/2011,1,0,3,1,0,2,1,1,0.26,0.2273,0.7,0.3582,0,3,3
1340,3/1/2011,1,0,3,2,0,2,1,1,0.24,0.2121,0.65,0.3881,0,4,4
1341,3/1/2011,1,0,3,3,0,2,1,1,0.22,0.2121,0.69,0.2836,0,2,2
1342,3/1/2011,1,0,3,4,0,2,1,1,0.22,0.2121,0.69,0.2537,0,1,1
1343,3/1/2011,1,0,3,5,0,2,1,1,0.2,0.1818,0.64,0.2836,1,1,2
1344,3/1/2011,1,0,3,6,0,2,1,1,0.2,0.1818,0.59,0.2985,0,46,46
1345,3/1/2011,1,0,3,7,0,2,1,1,0.2,0.1818,0.59,0.3284,2,105,107
1346,3/1/2011,1,0,3,8,0,2,1,1,0.2,0.1818,0.59,0.3881,10,204,214
1347,3/1/2011,1,0,3,9,0,2,1,1,0.22,0.197,0.55,0.4179,8,116,124
1348,3/1/2011,1,0,3,10,0,2,1,1,0.24,0.2121,0.52,0.2836,13,55,68
1349,3/1/2011,1,0,3,11,0,2,1,1,0.28,0.2727,0.45,0.2537,8,48,56
1350,3/1/2011,1,0,3,12,0,2,1,1,0.3,0.303,0.39,0.1343,6,80,86
1351,3/1/2011,1,0,3,13,0,2,1,1,0.32,0.3485,0.39,0,13,65,78
1352,3/1/2011,1,0,3,14,0,2,1,1,0.32,0.3333,0.36,0.1343,18,61,79
1353,3/1/2011,1,0,3,15,0,2,1,1,0.34,0.3636,0.34,0,7,57,64
1354,3/1/2011,1,0,3,16,0,2,1,1,0.34,0.3485,0.34,0.0896,10,92,102
1355,3/1/2011,1,0,3,17,0,2,1,1,0.34,0.3485,0.34,0.0896,12,230,242
1356,3/1/2011,1,0,3,18,0,2,1,1,0.32,0.3182,0.39,0.194,10,214,224
1357,3/1/2011,1,0,3,19,0,2,1,1,0.3,0.303,0.49,0.1343,4,115,119
1358,3/1/2011,1,0,3,20,0,2,1,1,0.3,0.3182,0.61,0.0896,2,86,88
1359,3/1/2011,1,0,3,21,0,2,1,1,0.26,0.303,0.56,0,8,55,63
1360,3/1/2011,1,0,3,22,0,2,1,1,0.24,0.2727,0.62,0.1045,3,44,47
1361,3/1/2011,1,0,3,23,0,2,1,1,0.24,0.2273,0.65,0.2239,2,23,25
1362,3/2/2011,1,0,3,0,0,3,1,1,0.22,0.2273,0.69,0.1642,3,5,8
1363,3/2/2011,1,0,3,1,0,3,1,1,0.22,0.2273,0.69,0.194,0,4,4
1364,3/2/2011,1,0,3,2,0,3,1,1,0.22,0.2273,0.69,0.194,0,2,2
1365,3/2/2011,1,0,3,3,0,3,1,1,0.22,0.2121,0.69,0.2836,3,1,4
1366,3/2/2011,1,0,3,4,0,3,1,1,0.2,0.2121,0.75,0.1343,1,0,1
1367,3/2/2011,1,0,3,5,0,3,1,1,0.22,0.2121,0.69,0.2239,0,5,5
1368,3/2/2011,1,0,3,6,0,3,1,1,0.22,0.2121,0.55,0.2537,1,39,40
1369,3/2/2011,1,0,3,7,0,3,1,1,0.22,0.2121,0.64,0.2537,2,108,110
1370,3/2/2011,1,0,3,8,0,3,1,1,0.24,0.2121,0.65,0.2836,13,243,256
1371,3/2/2011,1,0,3,9,0,3,1,1,0.28,0.2576,0.56,0.2985,7,141,148
1372,3/2/2011,1,0,3,10,0,3,1,1,0.32,0.303,0.49,0.2836,11,65,76
1373,3/2/2011,1,0,3,11,0,3,1,1,0.34,0.303,0.53,0.3284,8,65,73
1374,3/2/2011,1,0,3,12,0,3,1,1,0.4,0.4091,0.43,0.194,20,62,82
1375,3/2/2011,1,0,3,13,0,3,1,1,0.5,0.4848,0.25,0,35,90,125
1376,3/2/2011,1,0,3,14,0,3,1,1,0.52,0.5,0.23,0.2985,21,75,96
1377,3/2/2011,1,0,3,15,0,3,1,1,0.54,0.5152,0.19,0.4179,19,91,110
1378,3/2/2011,1,0,3,16,0,3,1,1,0.54,0.5152,0.19,0.3284,27,112,139
1379,3/2/2011,1,0,3,17,0,3,1,1,0.5,0.4848,0.23,0.2836,30,238,268
1380,3/2/2011,1,0,3,18,0,3,1,1,0.46,0.4545,0.23,0.4925,8,193,201
1381,3/2/2011,1,0,3,19,0,3,1,1,0.4,0.4091,0.28,0.5224,6,144,150
1382,3/2/2011,1,0,3,20,0,3,1,1,0.36,0.3333,0.29,0.4179,9,86,95
1383,3/2/2011,1,0,3,21,0,3,1,1,0.34,0.2879,0.29,0.4627,3,68,71
1384,3/2/2011,1,0,3,22,0,3,1,1,0.3,0.2576,0.26,0.5522,4,44,48
1385,3/2/2011,1,0,3,23,0,3,1,1,0.26,0.2121,0.3,0.5224,0,22,22
1386,3/3/2011,1,0,3,0,0,4,1,1,0.24,0.197,0.3,0.4627,3,10,13
1387,3/3/2011,1,0,3,1,0,4,1,1,0.24,0.197,0.3,0.4627,0,1,1
1388,3/3/2011,1,0,3,2,0,4,1,1,0.2,0.1667,0.27,0.4627,1,2,3
1389,3/3/2011,1,0,3,3,0,4,1,1,0.2,0.1667,0.27,0.4627,0,1,1
1390,3/3/2011,1,0,3,4,0,4,1,1,0.16,0.1212,0.31,0.4925,0,1,1
1391,3/3/2011,1,0,3,5,0,4,1,1,0.14,0.1212,0.33,0.2985,1,7,8
1392,3/3/2011,1,0,3,6,0,4,1,1,0.14,0.1212,0.33,0.2985,1,34,35
1393,3/3/2011,1,0,3,7,0,4,1,1,0.12,0.0909,0.42,0.4179,1,110,111
1394,3/3/2011,1,0,3,8,0,4,1,1,0.14,0.1212,0.39,0.2985,4,216,220
1395,3/3/2011,1,0,3,9,0,4,1,1,0.16,0.1364,0.37,0.2836,10,135,145
1396,3/3/2011,1,0,3,10,0,4,1,1,0.18,0.1818,0.29,0.194,7,49,56
1397,3/3/2011,1,0,3,11,0,4,1,1,0.2,0.2273,0.29,0.0896,10,40,50
1398,3/3/2011,1,0,3,12,0,4,1,1,0.22,0.2273,0.25,0.1343,7,65,72
1399,3/3/2011,1,0,3,13,0,4,1,1,0.22,0.2576,0.25,0.0896,13,67,80
1400,3/3/2011,1,0,3,14,0,4,1,1,0.24,0.2576,0.21,0.1045,18,60,78
1401,3/3/2011,1,0,3,15,0,4,1,1,0.24,0.2879,0.23,0,6,62,68
1402,3/3/2011,1,0,3,16,0,4,1,1,0.26,0.303,0.23,0,6,65,71
1403,3/3/2011,1,0,3,17,0,4,1,1,0.26,0.303,0.22,0,17,185,202
1404,3/3/2011,1,0,3,18,0,4,1,1,0.24,0.2121,0.35,0.3284,6,161,167
1405,3/3/2011,1,0,3,19,0,4,1,1,0.2,0.197,0.4,0.2537,5,101,106
1406,3/3/2011,1,0,3,20,0,4,1,1,0.2,0.2273,0.4,0.0896,1,69,70
1407,3/3/2011,1,0,3,21,0,4,1,1,0.18,0.2121,0.4,0.1045,3,48,51
1408,3/3/2011,1,0,3,22,0,4,1,1,0.2,0.2576,0.4,0,3,50,53
1409,3/3/2011,1,0,3,23,0,4,1,2,0.18,0.2121,0.43,0.0896,0,23,23
1410,3/4/2011,1,0,3,0,0,5,1,2,0.2,0.197,0.55,0.194,0,12,12
1411,3/4/2011,1,0,3,1,0,5,1,2,0.18,0.1818,0.64,0.194,0,4,4
1412,3/4/2011,1,0,3,2,0,5,1,2,0.18,0.1818,0.64,0.194,0,2,2
1413,3/4/2011,1,0,3,3,0,5,1,2,0.18,0.1667,0.74,0.2537,0,1,1
1414,3/4/2011,1,0,3,4,0,5,1,2,0.18,0.1818,0.74,0.194,1,0,1
1415,3/4/2011,1,0,3,5,0,5,1,2,0.16,0.1818,0.74,0.1343,0,7,7
1416,3/4/2011,1,0,3,6,0,5,1,2,0.16,0.197,0.74,0.0896,1,28,29
1417,3/4/2011,1,0,3,7,0,5,1,1,0.16,0.1818,0.8,0.1343,0,83,83
1418,3/4/2011,1,0,3,8,0,5,1,1,0.18,0.197,0.74,0.1343,6,222,228
1419,3/4/2011,1,0,3,9,0,5,1,1,0.22,0.2273,0.6,0.1343,12,138,150
1420,3/4/2011,1,0,3,10,0,5,1,1,0.24,0.2273,0.6,0.2537,10,56,66
1421,3/4/2011,1,0,3,11,0,5,1,1,0.28,0.2727,0.52,0.2239,16,73,89
1422,3/4/2011,1,0,3,12,0,5,1,1,0.32,0.303,0.43,0.1642,10,87,97
1423,3/4/2011,1,0,3,13,0,5,1,1,0.34,0.3182,0.42,0.2239,13,74,87
1424,3/4/2011,1,0,3,14,0,5,1,1,0.36,0.3333,0.4,0.2836,30,65,95
1425,3/4/2011,1,0,3,15,0,5,1,1,0.36,0.3333,0.4,0.2985,31,75,106
1426,3/4/2011,1,0,3,16,0,5,1,1,0.36,0.3485,0.46,0.194,17,101,118
1427,3/4/2011,1,0,3,17,0,5,1,2,0.36,0.3333,0.5,0.2537,22,206,228
1428,3/4/2011,1,0,3,18,0,5,1,2,0.34,0.303,0.53,0.2985,15,172,187
1429,3/4/2011,1,0,3,19,0,5,1,1,0.32,0.303,0.61,0.2537,5,102,107
1430,3/4/2011,1,0,3,20,0,5,1,2,0.3,0.2879,0.7,0.194,9,78,87
1431,3/4/2011,1,0,3,21,0,5,1,2,0.3,0.2879,0.7,0.2239,6,64,70
1432,3/4/2011,1,0,3,22,0,5,1,1,0.3,0.2879,0.7,0.194,4,40,44
1433,3/4/2011,1,0,3,23,0,5,1,2,0.3,0.303,0.75,0.1642,6,40,46
1434,3/5/2011,1,0,3,0,0,6,0,2,0.28,0.2879,0.81,0.1045,4,15,19
1435,3/5/2011,1,0,3,1,0,6,0,2,0.3,0.3182,0.81,0.1045,5,20,25
1436,3/5/2011,1,0,3,2,0,6,0,2,0.3,0.2879,0.87,0.194,5,15,20
1437,3/5/2011,1,0,3,3,0,6,0,2,0.3,0.2879,0.87,0.194,0,2,2
1438,3/5/2011,1,0,3,4,0,6,0,2,0.3,0.303,0.93,0.1642,0,1,1
1439,3/5/2011,1,0,3,5,0,6,0,2,0.3,0.303,1,0.1343,0,3,3
1440,3/5/2011,1,0,3,6,0,6,0,2,0.3,0.2879,1,0.2239,1,3,4
1441,3/5/2011,1,0,3,7,0,6,0,2,0.3,0.2727,1,0.2985,5,10,15
1442,3/5/2011,1,0,3,8,0,6,0,2,0.3,0.2727,1,0.2985,11,34,45
1443,3/5/2011,1,0,3,9,0,6,0,2,0.32,0.303,0.93,0.2239,15,48,63
1444,3/5/2011,1,0,3,10,0,6,0,2,0.34,0.3333,0.93,0.194,34,69,103
1445,3/5/2011,1,0,3,11,0,6,0,2,0.4,0.4091,0.76,0.2239,43,116,159
1446,3/5/2011,1,0,3,12,0,6,0,2,0.44,0.4394,0.67,0.2537,46,121,167
1447,3/5/2011,1,0,3,13,0,6,0,2,0.46,0.4545,0.67,0.2836,60,130,190
1448,3/5/2011,1,0,3,14,0,6,0,2,0.48,0.4697,0.59,0.2836,80,118,198
1449,3/5/2011,1,0,3,15,0,6,0,2,0.46,0.4545,0.63,0.2985,83,122,205
1450,3/5/2011,1,0,3,16,0,6,0,2,0.48,0.4697,0.59,0.2985,74,130,204
1451,3/5/2011,1,0,3,17,0,6,0,2,0.48,0.4697,0.59,0.3582,60,104,164
1452,3/5/2011,1,0,3,18,0,6,0,2,0.48,0.4697,0.59,0.3284,37,115,152
1453,3/5/2011,1,0,3,19,0,6,0,2,0.46,0.4545,0.67,0.3284,27,62,89
1454,3/5/2011,1,0,3,20,0,6,0,2,0.44,0.4394,0.77,0.3284,12,58,70
1455,3/5/2011,1,0,3,21,0,6,0,2,0.44,0.4394,0.72,0.3284,12,60,72
1456,3/5/2011,1,0,3,22,0,6,0,2,0.42,0.4242,0.77,0.2985,16,47,63
1457,3/5/2011,1,0,3,23,0,6,0,2,0.44,0.4394,0.77,0.2985,10,34,44
1458,3/6/2011,1,0,3,0,0,0,0,2,0.42,0.4242,0.77,0.3582,11,41,52
1459,3/6/2011,1,0,3,1,0,0,0,2,0.42,0.4242,0.77,0.2836,12,27,39
1460,3/6/2011,1,0,3,2,0,0,0,2,0.4,0.4091,0.82,0.2836,5,27,32
1461,3/6/2011,1,0,3,3,0,0,0,2,0.42,0.4242,0.82,0.2985,2,9,11
1462,3/6/2011,1,0,3,4,0,0,0,2,0.42,0.4242,0.88,0.3582,0,3,3
1463,3/6/2011,1,0,3,6,0,0,0,2,0.42,0.4242,0.94,0.3582,1,1,2
1464,3/6/2011,1,0,3,7,0,0,0,3,0.42,0.4242,1,0.4478,0,5,5
1465,3/6/2011,1,0,3,8,0,0,0,2,0.4,0.4091,1,0.2985,1,8,9
1466,3/6/2011,1,0,3,9,0,0,0,2,0.42,0.4242,1,0.2836,4,18,22
1467,3/6/2011,1,0,3,10,0,0,0,2,0.42,0.4242,1,0.2985,4,27,31
1468,3/6/2011,1,0,3,11,0,0,0,2,0.42,0.4242,1,0.2239,18,44,62
1469,3/6/2011,1,0,3,12,0,0,0,2,0.46,0.4545,0.94,0.3284,10,69,79
1470,3/6/2011,1,0,3,13,0,0,0,2,0.46,0.4545,0.94,0.3582,22,83,105
1471,3/6/2011,1,0,3,14,0,0,0,3,0.44,0.4394,1,0.2239,12,27,39
1472,3/6/2011,1,0,3,15,0,0,0,3,0.44,0.4394,1,0.2239,3,4,7
1473,3/6/2011,1,0,3,16,0,0,0,3,0.36,0.3333,1,0.2836,3,8,11
1474,3/6/2011,1,0,3,17,0,0,0,3,0.34,0.303,1,0.2985,2,23,25
1475,3/6/2011,1,0,3,18,0,0,0,3,0.32,0.2879,1,0.3582,0,23,23
1476,3/6/2011,1,0,3,19,0,0,0,3,0.3,0.2576,1,0.4925,0,11,11
1477,3/6/2011,1,0,3,20,0,0,0,3,0.28,0.2424,1,0.4179,3,8,11
1478,3/6/2011,1,0,3,21,0,0,0,3,0.24,0.1818,0.93,0.6119,1,6,7
1479,3/6/2011,1,0,3,22,0,0,0,2,0.22,0.197,1,0.3881,0,10,10
1480,3/6/2011,1,0,3,23,0,0,0,2,0.22,0.197,1,0.4179,0,9,9
1481,3/7/2011,1,0,3,0,0,1,1,3,0.2,0.1818,1,0.3284,0,4,4
1482,3/7/2011,1,0,3,1,0,1,1,3,0.2,0.1818,1,0.3284,0,2,2
1483,3/7/2011,1,0,3,3,0,1,1,1,0.2,0.1515,0.8,0.5821,0,1,1
1484,3/7/2011,1,0,3,4,0,1,1,1,0.2,0.1515,0.8,0.5224,1,0,1
1485,3/7/2011,1,0,3,5,0,1,1,1,0.2,0.1818,0.75,0.3582,0,1,1
1486,3/7/2011,1,0,3,6,0,1,1,1,0.2,0.1818,0.75,0.3881,3,31,34
1487,3/7/2011,1,0,3,7,0,1,1,1,0.2,0.1667,0.75,0.4179,3,88,91
1488,3/7/2011,1,0,3,8,0,1,1,1,0.2,0.1818,0.75,0.3881,11,200,211
1489,3/7/2011,1,0,3,9,0,1,1,1,0.22,0.1818,0.64,0.4627,5,129,134
1490,3/7/2011,1,0,3,10,0,1,1,1,0.24,0.2121,0.6,0.2985,15,43,58
1491,3/7/2011,1,0,3,11,0,1,1,1,0.26,0.2121,0.48,0.4478,19,41,60
1492,3/7/2011,1,0,3,12,0,1,1,1,0.3,0.2727,0.42,0.4179,28,68,96
1493,3/7/2011,1,0,3,13,0,1,1,1,0.32,0.2879,0.36,0.3881,16,54,70
1494,3/7/2011,1,0,3,14,0,1,1,1,0.32,0.2879,0.36,0.4179,21,56,77
1495,3/7/2011,1,0,3,15,0,1,1,1,0.34,0.303,0.31,0.3881,32,64,96
1496,3/7/2011,1,0,3,16,0,1,1,1,0.34,0.303,0.31,0.3582,26,96,122
1497,3/7/2011,1,0,3,17,0,1,1,1,0.34,0.303,0.29,0.3582,27,206,233
1498,3/7/2011,1,0,3,18,0,1,1,1,0.32,0.303,0.31,0.2239,19,214,233
1499,3/7/2011,1,0,3,19,0,1,1,1,0.3,0.2879,0.33,0.2239,11,134,145
1500,3/7/2011,1,0,3,20,0,1,1,1,0.3,0.303,0.33,0.1642,5,87,92
1501,3/7/2011,1,0,3,21,0,1,1,1,0.28,0.2727,0.38,0.2239,1,53,54
1502,3/7/2011,1,0,3,22,0,1,1,1,0.26,0.2576,0.48,0.1642,1,34,35
1503,3/7/2011,1,0,3,23,0,1,1,1,0.28,0.3182,0.48,0,0,22,22
1504,3/8/2011,1,0,3,0,0,2,1,1,0.26,0.2879,0.48,0.0896,1,9,10
1505,3/8/2011,1,0,3,1,0,2,1,1,0.24,0.2424,0.52,0.1343,0,4,4
1506,3/8/2011,1,0,3,2,0,2,1,1,0.24,0.2424,0.52,0.1343,1,0,1
1507,3/8/2011,1,0,3,3,0,2,1,1,0.24,0.2576,0.52,0.0896,5,2,7
1508,3/8/2011,1,0,3,4,0,2,1,1,0.22,0.2727,0.64,0,0,2,2
1509,3/8/2011,1,0,3,5,0,2,1,1,0.2,0.2273,0.69,0.1045,2,8,10
1510,3/8/2011,1,0,3,6,0,2,1,1,0.2,0.2576,0.59,0,3,42,45
1511,3/8/2011,1,0,3,7,0,2,1,1,0.18,0.197,0.64,0.1343,9,119,128
1512,3/8/2011,1,0,3,8,0,2,1,1,0.22,0.2273,0.55,0.194,10,247,257
1513,3/8/2011,1,0,3,9,0,2,1,1,0.26,0.2576,0.41,0.1642,11,140,151
1514,3/8/2011,1,0,3,10,0,2,1,2,0.3,0.2879,0.33,0.194,25,46,71
1515,3/8/2011,1,0,3,11,0,2,1,2,0.36,0.3485,0.25,0.1642,26,52,78
1516,3/8/2011,1,0,3,12,0,2,1,2,0.36,0.3788,0.23,0,29,70,99
1517,3/8/2011,1,0,3,13,0,2,1,2,0.38,0.3939,0.25,0.1045,25,73,98
1518,3/8/2011,1,0,3,14,0,2,1,2,0.38,0.3939,0.2,0,16,56,72
1519,3/8/2011,1,0,3,15,0,2,1,2,0.36,0.3788,0.18,0,35,77,112
1520,3/8/2011,1,0,3,16,0,2,1,1,0.38,0.3939,0.27,0.1642,26,82,108
1521,3/8/2011,1,0,3,17,0,2,1,1,0.36,0.3485,0.27,0.2239,39,209,248
1522,3/8/2011,1,0,3,18,0,2,1,1,0.34,0.3333,0.27,0.194,21,214,235
1523,3/8/2011,1,0,3,19,0,2,1,1,0.34,0.3485,0.31,0.1045,9,141,150
1524,3/8/2011,1,0,3,20,0,2,1,1,0.32,0.3333,0.39,0.0896,2,74,76
1525,3/8/2011,1,0,3,21,0,2,1,1,0.3,0.2879,0.49,0.194,7,68,75
1526,3/8/2011,1,0,3,22,0,2,1,1,0.3,0.2879,0.49,0.2239,11,44,55
1527,3/8/2011,1,0,3,23,0,2,1,1,0.28,0.2727,0.61,0.194,3,38,41
1528,3/9/2011,1,0,3,0,0,3,1,1,0.26,0.2879,0.65,0.0896,0,9,9
1529,3/9/2011,1,0,3,1,0,3,1,1,0.26,0.2727,0.52,0.1343,0,4,4
1530,3/9/2011,1,0,3,2,0,3,1,1,0.26,0.2727,0.52,0.1343,1,1,2
1531,3/9/2011,1,0,3,3,0,3,1,1,0.24,0.2576,0.7,0.0896,1,2,3
1532,3/9/2011,1,0,3,4,0,3,1,1,0.24,0.2576,0.75,0.1045,0,2,2
1533,3/9/2011,1,0,3,5,0,3,1,2,0.24,0.2424,0.81,0.1343,1,7,8
1534,3/9/2011,1,0,3,6,0,3,1,2,0.24,0.2576,0.85,0.1045,5,44,49
1535,3/9/2011,1,0,3,7,0,3,1,2,0.24,0.2424,0.87,0.1642,18,123,141
1536,3/9/2011,1,0,3,8,0,3,1,2,0.24,0.2424,0.87,0.1343,11,238,249
1537,3/9/2011,1,0,3,9,0,3,1,2,0.26,0.2424,0.87,0.2537,5,136,141
1538,3/9/2011,1,0,3,10,0,3,1,2,0.3,0.2879,0.75,0.2537,8,49,57
1539,3/9/2011,1,0,3,11,0,3,1,2,0.32,0.2879,0.76,0.3881,15,44,59
1540,3/9/2011,1,0,3,12,0,3,1,2,0.32,0.303,0.76,0.2537,14,84,98
1541,3/9/2011,1,0,3,13,0,3,1,2,0.32,0.2879,0.76,0.3582,17,82,99
1542,3/9/2011,1,0,3,14,0,3,1,2,0.34,0.303,0.76,0.2985,10,61,71
1543,3/9/2011,1,0,3,15,0,3,1,2,0.36,0.3333,0.71,0.2985,15,64,79
1544,3/9/2011,1,0,3,16,0,3,1,2,0.34,0.303,0.76,0.3284,10,102,112
1545,3/9/2011,1,0,3,17,0,3,1,2,0.34,0.303,0.76,0.2985,18,176,194
1546,3/9/2011,1,0,3,18,0,3,1,2,0.34,0.3182,0.76,0.2537,12,176,188
1547,3/9/2011,1,0,3,19,0,3,1,2,0.34,0.303,0.76,0.3284,11,123,134
1548,3/9/2011,1,0,3,20,0,3,1,2,0.32,0.3182,0.87,0.194,4,87,91
1549,3/9/2011,1,0,3,21,0,3,1,2,0.32,0.303,0.93,0.3284,10,52,62
1550,3/9/2011,1,0,3,22,0,3,1,3,0.32,0.3182,0.93,0.1642,4,17,21
1551,3/9/2011,1,0,3,23,0,3,1,3,0.34,0.3333,0.93,0.194,1,17,18
,,,,,,,,,,,,,,,,
,,,,,,,,,,,,,,,,
,,,,,,,,,,,,,,,,
,,,,,,,,,,,,,,,,
,,,,,,,,,,,,,,,,
,,,,,,,,,,,,,,,,
,,,,,,,,,,,,,,,,
,,,,,,,,,,,,,,,,
,,,,,,,,,,,,,,,,
,,,,,,,,,,,,,,,,
,,,,,,,,,,,,,,,,
,,,,,,,,,,,,,,,,
,,,,,,,,,,,,,,,,
,,,,,,,,,,,,,,,,
,,,,,,,,,,,,,,,,
,,,,,,,,,,,,,,,,
,,,,,,,,,,,,,,,,
,,,,,,,,,,,,,,,,
,,,,,,,,,,,,,,,,
,,,,,,,,,,,,,,,,
,,,,,,,,,,,,,,,,
,,,,,,,,,,,,,,,,
,,,,,,,,,,,,,,,,
,,,,,,,,,,,,,,,,
,,,,,,,,,,,,,,,,
,,,,,,,,,,,,,,,,
,,,,,,,,,,,,,,,,
,,,,,,,,,,,,,,,,
,,,,,,,,,,,,,,,,
,,,,,,,,,,,,,,,,
,,,,,,,,,,,,,,,,
,,,,,,,,,,,,,,,,
,,,,,,,,,,,,,,,,
,,,,,,,,,,,,,,,,
,,,,,,,,,,,,,,,,
,,,,,,,,,,,,,,,,
,,,,,,,,,,,,,,,,
,,,,,,,,,,,,,,,,
,,,,,,,,,,,,,,,,
,,,,,,,,,,,,,,,,
,,,,,,,,,,,,,,,,
,,,,,,,,,,,,,,,,
,,,,,,,,,,,,,,,,
,,,,,,,,,,,,,,,,
,,,,,,,,,,,,,,,,
,,,,,,,,,,,,,,,,
,,,,,,,,,,,,,,,,
,,,,,,,,,,,,,,,,
,,,,,,,,,,,,,,,,
,,,,,,,,,,,,,,,,
,,,,,,,,,,,,,,,,
,,,,,,,,,,,,,,,,
,,,,,,,,,,,,,,,,
,,,,,,,,,,,,,,,,
,,,,,,,,,,,,,,,,
,,,,,,,,,,,,,,,,
,,,,,,,,,,,,,,,,
,,,,,,,,,,,,,,,,
,,,,,,,,,,,,,,,,
,,,,,,,,,,,,,,,,
,,,,,,,,,,,,,,,,
,,,,,,,,,,,,,,,,
,,,,,,,,,,,,,,,,
,,,,,,,,,,,,,,,,
,,,,,,,,,,,,,,,,
,,,,,,,,,,,,,,,,
,,,,,,,,,,,,,,,,
,,,,,,,,,,,,,,,,
,,,,,,,,,,,,,,,,
,,,,,,,,,,,,,,,,
,,,,,,,,,,,,,,,,
,,,,,,,,,,,,,,,,
,,,,,,,,,,,,,,,,
,,,,,,,,,,,,,,,,
,,,,,,,,,,,,,,,,
,,,,,,,,,,,,,,,,
,,,,,,,,,,,,,,,,
,,,,,,,,,,,,,,,,
,,,,,,,,,,,,,,,,
,,,,,,,,,,,,,,,,
,,,,,,,,,,,,,,,,
,,,,,,,,,,,,,,,,
,,,,,,,,,,,,,,,,
,,,,,,,,,,,,,,,,
,,,,,,,,,,,,,,,,
,,,,,,,,,,,,,,,,
,,,,,,,,,,,,,,,,
,,,,,,,,,,,,,,,,
,,,,,,,,,,,,,,,,
,,,,,,,,,,,,,,,,
,,,,,,,,,,,,,,,,
,,,,,,,,,,,,,,,,
,,,,,,,,,,,,,,,,
,,,,,,,,,,,,,,,,
,,,,,,,,,,,,,,,,
,,,,,,,,,,,,,,,,
,,,,,,,,,,,,,,,,
,,,,,,,,,,,,,,,,
,,,,,,,,,,,,,,,,
,,,,,,,,,,,,,,,,
,,,,,,,,,,,,,,,,
,,,,,,,,,,,,,,,,
,,,,,,,,,,,,,,,,
,,,,,,,,,,,,,,,,
,,,,,,,,,,,,,,,,
,,,,,,,,,,,,,,,,
,,,,,,,,,,,,,,,,
,,,,,,,,,,,,,,,,
,,,,,,,,,,,,,,,,
,,,,,,,,,,,,,,,,
,,,,,,,,,,,,,,,,
,,,,,,,,,,,,,,,,
,,,,,,,,,,,,,,,,
,,,,,,,,,,,,,,,,
,,,,,,,,,,,,,,,,
,,,,,,,,,,,,,,,,
,,,,,,,,,,,,,,,,
,,,,,,,,,,,,,,,,
,,,,,,,,,,,,,,,,
,,,,,,,,,,,,,,,,
,,,,,,,,,,,,,,,,
,,,,,,,,,,,,,,,,
,,,,,,,,,,,,,,,,
,,,,,,,,,,,,,,,,
,,,,,,,,,,,,,,,,
,,,,,,,,,,,,,,,,
,,,,,,,,,,,,,,,,
,,,,,,,,,,,,,,,,
,,,,,,,,,,,,,,,,
,,,,,,,,,,,,,,,,
,,,,,,,,,,,,,,,,
,,,,,,,,,,,,,,,,
,,,,,,,,,,,,,,,,
,,,,,,,,,,,,,,,,
,,,,,,,,,,,,,,,,
,,,,,,,,,,,,,,,,
,,,,,,,,,,,,,,,,
,,,,,,,,,,,,,,,,
,,,,,,,,,,,,,,,,
,,,,,,,,,,,,,,,,
,,,,,,,,,,,,,,,,
,,,,,,,,,,,,,,,,
,,,,,,,,,,,,,,,,
,,,,,,,,,,,,,,,,
,,,,,,,,,,,,,,,,
,,,,,,,,,,,,,,,,
,,,,,,,,,,,,,,,,
,,,,,,,,,,,,,,,,
,,,,,,,,,,,,,,,,
,,,,,,,,,,,,,,,,
,,,,,,,,,,,,,,,,
,,,,,,,,,,,,,,,,
,,,,,,,,,,,,,,,,
,,,,,,,,,,,,,,,,
,,,,,,,,,,,,,,,,
,,,,,,,,,,,,,,,,
,,,,,,,,,,,,,,,,
,,,,,,,,,,,,,,,,
,,,,,,,,,,,,,,,,
,,,,,,,,,,,,,,,,
,,,,,,,,,,,,,,,,
,,,,,,,,,,,,,,,,
,,,,,,,,,,,,,,,,
,,,,,,,,,,,,,,,,
,,,,,,,,,,,,,,,,
,,,,,,,,,,,,,,,,
,,,,,,,,,,,,,,,,
,,,,,,,,,,,,,,,,
,,,,,,,,,,,,,,,,
,,,,,,,,,,,,,,,,
,,,,,,,,,,,,,,,,
,,,,,,,,,,,,,,,,
,,,,,,,,,,,,,,,,
,,,,,,,,,,,,,,,,
,,,,,,,,,,,,,,,,
,,,,,,,,,,,,,,,,
,,,,,,,,,,,,,,,,
,,,,,,,,,,,,,,,,
,,,,,,,,,,,,,,,,
,,,,,,,,,,,,,,,,
,,,,,,,,,,,,,,,,
,,,,,,,,,,,,,,,,
,,,,,,,,,,,,,,,,
,,,,,,,,,,,,,,,,
,,,,,,,,,,,,,,,,
,,,,,,,,,,,,,,,,
,,,,,,,,,,,,,,,,
,,,,,,,,,,,,,,,,
,,,,,,,,,,,,,,,,
,,,,,,,,,,,,,,,,
,,,,,,,,,,,,,,,,
,,,,,,,,,,,,,,,,
,,,,,,,,,,,,,,,,
,,,,,,,,,,,,,,,,
,,,,,,,,,,,,,,,,
,,,,,,,,,,,,,,,,
,,,,,,,,,,,,,,,,
,,,,,,,,,,,,,,,,
,,,,,,,,,,,,,,,,
,,,,,,,,,,,,,,,,
,,,,,,,,,,,,,,,,
,,,,,,,,,,,,,,,,
,,,,,,,,,,,,,,,,
,,,,,,,,,,,,,,,,
,,,,,,,,,,,,,,,,
,,,,,,,,,,,,,,,,
,,,,,,,,,,,,,,,,
,,,,,,,,,,,,,,,,
,,,,,,,,,,,,,,,,
,,,,,,,,,,,,,,,,
,,,,,,,,,,,,,,,,
,,,,,,,,,,,,,,,,
,,,,,,,,,,,,,,,,
,,,,,,,,,,,,,,,,
,,,,,,,,,,,,,,,,
,,,,,,,,,,,,,,,,
,,,,,,,,,,,,,,,,
,,,,,,,,,,,,,,,,
,,,,,,,,,,,,,,,,
,,,,,,,,,,,,,,,,
,,,,,,,,,,,,,,,,
,,,,,,,,,,,,,,,,
,,,,,,,,,,,,,,,,
,,,,,,,,,,,,,,,,
,,,,,,,,,,,,,,,,
,,,,,,,,,,,,,,,,
,,,,,,,,,,,,,,,,
,,,,,,,,,,,,,,,,
,,,,,,,,,,,,,,,,
,,,,,,,,,,,,,,,,
,,,,,,,,,,,,,,,,
,,,,,,,,,,,,,,,,
,,,,,,,,,,,,,,,,
,,,,,,,,,,,,,,,,
,,,,,,,,,,,,,,,,
,,,,,,,,,,,,,,,,
,,,,,,,,,,,,,,,,
,,,,,,,,,,,,,,,,
,,,,,,,,,,,,,,,,
,,,,,,,,,,,,,,,,
,,,,,,,,,,,,,,,,
,,,,,,,,,,,,,,,,
,,,,,,,,,,,,,,,,
,,,,,,,,,,,,,,,,
,,,,,,,,,,,,,,,,
,,,,,,,,,,,,,,,,
,,,,,,,,,,,,,,,,
,,,,,,,,,,,,,,,,
,,,,,,,,,,,,,,,,
,,,,,,,,,,,,,,,,
,,,,,,,,,,,,,,,,
,,,,,,,,,,,,,,,,
,,,,,,,,,,,,,,,,
,,,,,,,,,,,,,,,,
,,,,,,,,,,,,,,,,
,,,,,,,,,,,,,,,,
,,,,,,,,,,,,,,,,
,,,,,,,,,,,,,,,,
,,,,,,,,,,,,,,,,
,,,,,,,,,,,,,,,,
,,,,,,,,,,,,,,,,
,,,,,,,,,,,,,,,,
,,,,,,,,,,,,,,,,
,,,,,,,,,,,,,,,,
,,,,,,,,,,,,,,,,
,,,,,,,,,,,,,,,,
,,,,,,,,,,,,,,,,
,,,,,,,,,,,,,,,,
,,,,,,,,,,,,,,,,
,,,,,,,,,,,,,,,,
,,,,,,,,,,,,,,,,
,,,,,,,,,,,,,,,,
,,,,,,,,,,,,,,,,
,,,,,,,,,,,,,,,,
,,,,,,,,,,,,,,,,
,,,,,,,,,,,,,,,,
,,,,,,,,,,,,,,,,
,,,,,,,,,,,,,,,,
,,,,,,,,,,,,,,,,
,,,,,,,,,,,,,,,,
,,,,,,,,,,,,,,,,
,,,,,,,,,,,,,,,,
,,,,,,,,,,,,,,,,
,,,,,,,,,,,,,,,,
,,,,,,,,,,,,,,,,
,,,,,,,,,,,,,,,,
,,,,,,,,,,,,,,,,
,,,,,,,,,,,,,,,,
,,,,,,,,,,,,,,,,
,,,,,,,,,,,,,,,,
,,,,,,,,,,,,,,,,
,,,,,,,,,,,,,,,,
,,,,,,,,,,,,,,,,
,,,,,,,,,,,,,,,,
,,,,,,,,,,,,,,,,
,,,,,,,,,,,,,,,,
,,,,,,,,,,,,,,,,
,,,,,,,,,,,,,,,,
,,,,,,,,,,,,,,,,
,,,,,,,,,,,,,,,,
,,,,,,,,,,,,,,,,
,,,,,,,,,,,,,,,,
,,,,,,,,,,,,,,,,
,,,,,,,,,,,,,,,,
,,,,,,,,,,,,,,,,
,,,,,,,,,,,,,,,,
,,,,,,,,,,,,,,,,
,,,,,,,,,,,,,,,,
,,,,,,,,,,,,,,,,
,,,,,,,,,,,,,,,,
,,,,,,,,,,,,,,,,
,,,,,,,,,,,,,,,,
,,,,,,,,,,,,,,,,
,,,,,,,,,,,,,,,,
,,,,,,,,,,,,,,,,
,,,,,,,,,,,,,,,,
,,,,,,,,,,,,,,,,
,,,,,,,,,,,,,,,,
,,,,,,,,,,,,,,,,
,,,,,,,,,,,,,,,,
,,,,,,,,,,,,,,,,
,,,,,,,,,,,,,,,,
,,,,,,,,,,,,,,,,
,,,,,,,,,,,,,,,,
,,,,,,,,,,,,,,,,
,,,,,,,,,,,,,,,,
,,,,,,,,,,,,,,,,
,,,,,,,,,,,,,,,,
,,,,,,,,,,,,,,,,
,,,,,,,,,,,,,,,,
,,,,,,,,,,,,,,,,
,,,,,,,,,,,,,,,,
,,,,,,,,,,,,,,,,
,,,,,,,,,,,,,,,,
,,,,,,,,,,,,,,,,
,,,,,,,,,,,,,,,,
,,,,,,,,,,,,,,,,
,,,,,,,,,,,,,,,,
,,,,,,,,,,,,,,,,
,,,,,,,,,,,,,,,,
,,,,,,,,,,,,,,,,
,,,,,,,,,,,,,,,,
,,,,,,,,,,,,,,,,
,,,,,,,,,,,,,,,,
,,,,,,,,,,,,,,,,
,,,,,,,,,,,,,,,,
,,,,,,,,,,,,,,,,
,,,,,,,,,,,,,,,,
,,,,,,,,,,,,,,,,
,,,,,,,,,,,,,,,,
,,,,,,,,,,,,,,,,
,,,,,,,,,,,,,,,,
,,,,,,,,,,,,,,,,
,,,,,,,,,,,,,,,,
,,,,,,,,,,,,,,,,
,,,,,,,,,,,,,,,,
,,,,,,,,,,,,,,,,
,,,,,,,,,,,,,,,,
,,,,,,,,,,,,,,,,
,,,,,,,,,,,,,,,,
,,,,,,,,,,,,,,,,
,,,,,,,,,,,,,,,,
,,,,,,,,,,,,,,,,
,,,,,,,,,,,,,,,,
,,,,,,,,,,,,,,,,
,,,,,,,,,,,,,,,,
,,,,,,,,,,,,,,,,
,,,,,,,,,,,,,,,,
,,,,,,,,,,,,,,,,
,,,,,,,,,,,,,,,,
,,,,,,,,,,,,,,,,
,,,,,,,,,,,,,,,,
,,,,,,,,,,,,,,,,
,,,,,,,,,,,,,,,,
,,,,,,,,,,,,,,,,
,,,,,,,,,,,,,,,,
,,,,,,,,,,,,,,,,
,,,,,,,,,,,,,,,,
,,,,,,,,,,,,,,,,
,,,,,,,,,,,,,,,,
,,,,,,,,,,,,,,,,
,,,,,,,,,,,,,,,,
,,,,,,,,,,,,,,,,
,,,,,,,,,,,,,,,,
,,,,,,,,,,,,,,,,
,,,,,,,,,,,,,,,,
,,,,,,,,,,,,,,,,
,,,,,,,,,,,,,,,,
,,,,,,,,,,,,,,,,
,,,,,,,,,,,,,,,,
,,,,,,,,,,,,,,,,
,,,,,,,,,,,,,,,,
,,,,,,,,,,,,,,,,
,,,,,,,,,,,,,,,,
,,,,,,,,,,,,,,,,
,,,,,,,,,,,,,,,,
,,,,,,,,,,,,,,,,
,,,,,,,,,,,,,,,,
,,,,,,,,,,,,,,,,
,,,,,,,,,,,,,,,,
,,,,,,,,,,,,,,,,
,,,,,,,,,,,,,,,,
,,,,,,,,,,,,,,,,
,,,,,,,,,,,,,,,,
,,,,,,,,,,,,,,,,
,,,,,,,,,,,,,,,,
,,,,,,,,,,,,,,,,
,,,,,,,,,,,,,,,,
,,,,,,,,,,,,,,,,
,,,,,,,,,,,,,,,,
,,,,,,,,,,,,,,,,
,,,,,,,,,,,,,,,,
,,,,,,,,,,,,,,,,
,,,,,,,,,,,,,,,,
,,,,,,,,,,,,,,,,
,,,,,,,,,,,,,,,,
,,,,,,,,,,,,,,,,
,,,,,,,,,,,,,,,,
,,,,,,,,,,,,,,,,
,,,,,,,,,,,,,,,,
,,,,,,,,,,,,,,,,
,,,,,,,,,,,,,,,,
,,,,,,,,,,,,,,,,
,,,,,,,,,,,,,,,,
,,,,,,,,,,,,,,,,
,,,,,,,,,,,,,,,,
,,,,,,,,,,,,,,,,
,,,,,,,,,,,,,,,,
,,,,,,,,,,,,,,,,
,,,,,,,,,,,,,,,,
,,,,,,,,,,,,,,,,
,,,,,,,,,,,,,,,,
,,,,,,,,,,,,,,,,
,,,,,,,,,,,,,,,,
,,,,,,,,,,,,,,,,
,,,,,,,,,,,,,,,,
,,,,,,,,,,,,,,,,
,,,,,,,,,,,,,,,,
,,,,,,,,,,,,,,,,
,,,,,,,,,,,,,,,,
,,,,,,,,,,,,,,,,
,,,,,,,,,,,,,,,,
,,,,,,,,,,,,,,,,
,,,,,,,,,,,,,,,,
,,,,,,,,,,,,,,,,
,,,,,,,,,,,,,,,,
,,,,,,,,,,,,,,,,
,,,,,,,,,,,,,,,,
,,,,,,,,,,,,,,,,
,,,,,,,,,,,,,,,,
,,,,,,,,,,,,,,,,
,,,,,,,,,,,,,,,,
,,,,,,,,,,,,,,,,
,,,,,,,,,,,,,,,,
,,,,,,,,,,,,,,,,
,,,,,,,,,,,,,,,,
,,,,,,,,,,,,,,,,
,,,,,,,,,,,,,,,,
,,,,,,,,,,,,,,,,
,,,,,,,,,,,,,,,,
,,,,,,,,,,,,,,,,
,,,,,,,,,,,,,,,,
,,,,,,,,,,,,,,,,
,,,,,,,,,,,,,,,,
,,,,,,,,,,,,,,,,
,,,,,,,,,,,,,,,,
,,,,,,,,,,,,,,,,
,,,,,,,,,,,,,,,,
,,,,,,,,,,,,,,,,
,,,,,,,,,,,,,,,,
,,,,,,,,,,,,,,,,
,,,,,,,,,,,,,,,,
,,,,,,,,,,,,,,,,
,,,,,,,,,,,,,,,,
,,,,,,,,,,,,,,,,
,,,,,,,,,,,,,,,,
,,,,,,,,,,,,,,,,
,,,,,,,,,,,,,,,,
,,,,,,,,,,,,,,,,
,,,,,,,,,,,,,,,,
,,,,,,,,,,,,,,,,
,,,,,,,,,,,,,,,,
,,,,,,,,,,,,,,,,
,,,,,,,,,,,,,,,,
,,,,,,,,,,,,,,,,
,,,,,,,,,,,,,,,,
,,,,,,,,,,,,,,,,
,,,,,,,,,,,,,,,,
,,,,,,,,,,,,,,,,
,,,,,,,,,,,,,,,,
,,,,,,,,,,,,,,,,
,,,,,,,,,,,,,,,,
,,,,,,,,,,,,,,,,
,,,,,,,,,,,,,,,,
,,,,,,,,,,,,,,,,
,,,,,,,,,,,,,,,,
,,,,,,,,,,,,,,,,
,,,,,,,,,,,,,,,,
,,,,,,,,,,,,,,,,
,,,,,,,,,,,,,,,,
,,,,,,,,,,,,,,,,
,,,,,,,,,,,,,,,,
,,,,,,,,,,,,,,,,
,,,,,,,,,,,,,,,,
,,,,,,,,,,,,,,,,
,,,,,,,,,,,,,,,,
,,,,,,,,,,,,,,,,
,,,,,,,,,,,,,,,,
,,,,,,,,,,,,,,,,
,,,,,,,,,,,,,,,,
,,,,,,,,,,,,,,,,
,,,,,,,,,,,,,,,,
,,,,,,,,,,,,,,,,
,,,,,,,,,,,,,,,,
,,,,,,,,,,,,,,,,
,,,,,,,,,,,,,,,,
,,,,,,,,,,,,,,,,
,,,,,,,,,,,,,,,,
,,,,,,,,,,,,,,,,
,,,,,,,,,,,,,,,,
,,,,,,,,,,,,,,,,
,,,,,,,,,,,,,,,,
,,,,,,,,,,,,,,,,
,,,,,,,,,,,,,,,,
,,,,,,,,,,,,,,,,
,,,,,,,,,,,,,,,,
,,,,,,,,,,,,,,,,
,,,,,,,,,,,,,,,,
,,,,,,,,,,,,,,,,
,,,,,,,,,,,,,,,,
,,,,,,,,,,,,,,,,
,,,,,,,,,,,,,,,,
,,,,,,,,,,,,,,,,
,,,,,,,,,,,,,,,,
,,,,,,,,,,,,,,,,
,,,,,,,,,,,,,,,,
,,,,,,,,,,,,,,,,
,,,,,,,,,,,,,,,,
,,,,,,,,,,,,,,,,
,,,,,,,,,,,,,,,,
,,,,,,,,,,,,,,,,
,,,,,,,,,,,,,,,,
,,,,,,,,,,,,,,,,
,,,,,,,,,,,,,,,,
,,,,,,,,,,,,,,,,
,,,,,,,,,,,,,,,,
,,,,,,,,,,,,,,,,
,,,,,,,,,,,,,,,,
,,,,,,,,,,,,,,,,
,,,,,,,,,,,,,,,,
,,,,,,,,,,,,,,,,
,,,,,,,,,,,,,,,,
,,,,,,,,,,,,,,,,
,,,,,,,,,,,,,,,,
,,,,,,,,,,,,,,,,
,,,,,,,,,,,,,,,,
,,,,,,,,,,,,,,,,
,,,,,,,,,,,,,,,,
,,,,,,,,,,,,,,,,
,,,,,,,,,,,,,,,,
,,,,,,,,,,,,,,,,
,,,,,,,,,,,,,,,,
,,,,,,,,,,,,,,,,
,,,,,,,,,,,,,,,,
,,,,,,,,,,,,,,,,
,,,,,,,,,,,,,,,,
,,,,,,,,,,,,,,,,
,,,,,,,,,,,,,,,,
,,,,,,,,,,,,,,,,
,,,,,,,,,,,,,,,,
,,,,,,,,,,,,,,,,
,,,,,,,,,,,,,,,,
,,,,,,,,,,,,,,,,
,,,,,,,,,,,,,,,,
,,,,,,,,,,,,,,,,
,,,,,,,,,,,,,,,,
,,,,,,,,,,,,,,,,
,,,,,,,,,,,,,,,,
,,,,,,,,,,,,,,,,
,,,,,,,,,,,,,,,,
,,,,,,,,,,,,,,,,
,,,,,,,,,,,,,,,,
,,,,,,,,,,,,,,,,
,,,,,,,,,,,,,,,,
,,,,,,,,,,,,,,,,
,,,,,,,,,,,,,,,,
,,,,,,,,,,,,,,,,
,,,,,,,,,,,,,,,,
,,,,,,,,,,,,,,,,
,,,,,,,,,,,,,,,,
,,,,,,,,,,,,,,,,
,,,,,,,,,,,,,,,,
,,,,,,,,,,,,,,,,
,,,,,,,,,,,,,,,,
,,,,,,,,,,,,,,,,
,,,,,,,,,,,,,,,,
,,,,,,,,,,,,,,,,
,,,,,,,,,,,,,,,,
,,,,,,,,,,,,,,,,
,,,,,,,,,,,,,,,,
,,,,,,,,,,,,,,,,
,,,,,,,,,,,,,,,,
,,,,,,,,,,,,,,,,
,,,,,,,,,,,,,,,,
,,,,,,,,,,,,,,,,
,,,,,,,,,,,,,,,,
,,,,,,,,,,,,,,,,
,,,,,,,,,,,,,,,,
,,,,,,,,,,,,,,,,
,,,,,,,,,,,,,,,,
,,,,,,,,,,,,,,,,
,,,,,,,,,,,,,,,,
,,,,,,,,,,,,,,,,
,,,,,,,,,,,,,,,,
,,,,,,,,,,,,,,,,
,,,,,,,,,,,,,,,,
,,,,,,,,,,,,,,,,
,,,,,,,,,,,,,,,,
,,,,,,,,,,,,,,,,
,,,,,,,,,,,,,,,,
,,,,,,,,,,,,,,,,
,,,,,,,,,,,,,,,,
,,,,,,,,,,,,,,,,
,,,,,,,,,,,,,,,,
,,,,,,,,,,,,,,,,
,,,,,,,,,,,,,,,,
,,,,,,,,,,,,,,,,
,,,,,,,,,,,,,,,,
,,,,,,,,,,,,,,,,
,,,,,,,,,,,,,,,,
,,,,,,,,,,,,,,,,
,,,,,,,,,,,,,,,,
,,,,,,,,,,,,,,,,
,,,,,,,,,,,,,,,,
,,,,,,,,,,,,,,,,
,,,,,,,,,,,,,,,,
,,,,,,,,,,,,,,,,
,,,,,,,,,,,,,,,,
,,,,,,,,,,,,,,,,
,,,,,,,,,,,,,,,,
,,,,,,,,,,,,,,,,
,,,,,,,,,,,,,,,,
,,,,,,,,,,,,,,,,
,,,,,,,,,,,,,,,,
,,,,,,,,,,,,,,,,
,,,,,,,,,,,,,,,,
,,,,,,,,,,,,,,,,
,,,,,,,,,,,,,,,,
,,,,,,,,,,,,,,,,
,,,,,,,,,,,,,,,,
,,,,,,,,,,,,,,,,
,,,,,,,,,,,,,,,,
,,,,,,,,,,,,,,,,
,,,,,,,,,,,,,,,,
,,,,,,,,,,,,,,,,
,,,,,,,,,,,,,,,,
,,,,,,,,,,,,,,,,
,,,,,,,,,,,,,,,,
,,,,,,,,,,,,,,,,
,,,,,,,,,,,,,,,,
,,,,,,,,,,,,,,,,
,,,,,,,,,,,,,,,,
,,,,,,,,,,,,,,,,
,,,,,,,,,,,,,,,,
,,,,,,,,,,,,,,,,
,,,,,,,,,,,,,,,,
,,,,,,,,,,,,,,,,
,,,,,,,,,,,,,,,,
,,,,,,,,,,,,,,,,
,,,,,,,,,,,,,,,,
,,,,,,,,,,,,,,,,
,,,,,,,,,,,,,,,,
,,,,,,,,,,,,,,,,
,,,,,,,,,,,,,,,,
,,,,,,,,,,,,,,,,
,,,,,,,,,,,,,,,,
,,,,,,,,,,,,,,,,
,,,,,,,,,,,,,,,,
,,,,,,,,,,,,,,,,
,,,,,,,,,,,,,,,,
,,,,,,,,,,,,,,,,
,,,,,,,,,,,,,,,,
,,,,,,,,,,,,,,,,
,,,,,,,,,,,,,,,,
,,,,,,,,,,,,,,,,
,,,,,,,,,,,,,,,,
,,,,,,,,,,,,,,,,
,,,,,,,,,,,,,,,,
,,,,,,,,,,,,,,,,
,,,,,,,,,,,,,,,,
,,,,,,,,,,,,,,,,
,,,,,,,,,,,,,,,,
,,,,,,,,,,,,,,,,
,,,,,,,,,,,,,,,,
,,,,,,,,,,,,,,,,
,,,,,,,,,,,,,,,,
,,,,,,,,,,,,,,,,
,,,,,,,,,,,,,,,,
,,,,,,,,,,,,,,,,
,,,,,,,,,,,,,,,,
,,,,,,,,,,,,,,,,
,,,,,,,,,,,,,,,,
,,,,,,,,,,,,,,,,
,,,,,,,,,,,,,,,,
,,,,,,,,,,,,,,,,
,,,,,,,,,,,,,,,,
,,,,,,,,,,,,,,,,
,,,,,,,,,,,,,,,,
,,,,,,,,,,,,,,,,
,,,,,,,,,,,,,,,,
,,,,,,,,,,,,,,,,
,,,,,,,,,,,,,,,,
,,,,,,,,,,,,,,,,
,,,,,,,,,,,,,,,,
,,,,,,,,,,,,,,,,
,,,,,,,,,,,,,,,,
,,,,,,,,,,,,,,,,
,,,,,,,,,,,,,,,,
,,,,,,,,,,,,,,,,
,,,,,,,,,,,,,,,,
,,,,,,,,,,,,,,,,
,,,,,,,,,,,,,,,,
,,,,,,,,,,,,,,,,
,,,,,,,,,,,,,,,,
,,,,,,,,,,,,,,,,
,,,,,,,,,,,,,,,,
,,,,,,,,,,,,,,,,
,,,,,,,,,,,,,,,,
,,,,,,,,,,,,,,,,
,,,,,,,,,,,,,,,,
,,,,,,,,,,,,,,,,
,,,,,,,,,,,,,,,,
,,,,,,,,,,,,,,,,
,,,,,,,,,,,,,,,,
,,,,,,,,,,,,,,,,
,,,,,,,,,,,,,,,,
,,,,,,,,,,,,,,,,
,,,,,,,,,,,,,,,,
,,,,,,,,,,,,,,,,
,,,,,,,,,,,,,,,,
,,,,,,,,,,,,,,,,
,,,,,,,,,,,,,,,,
,,,,,,,,,,,,,,,,
,,,,,,,,,,,,,,,,
,,,,,,,,,,,,,,,,
,,,,,,,,,,,,,,,,
,,,,,,,,,,,,,,,,
,,,,,,,,,,,,,,,,
,,,,,,,,,,,,,,,,
,,,,,,,,,,,,,,,,
,,,,,,,,,,,,,,,,
,,,,,,,,,,,,,,,,
,,,,,,,,,,,,,,,,
,,,,,,,,,,,,,,,,
,,,,,,,,,,,,,,,,
,,,,,,,,,,,,,,,,
,,,,,,,,,,,,,,,,
,,,,,,,,,,,,,,,,
,,,,,,,,,,,,,,,,
,,,,,,,,,,,,,,,,
,,,,,,,,,,,,,,,,
,,,,,,,,,,,,,,,,
,,,,,,,,,,,,,,,,
,,,,,,,,,,,,,,,,
,,,,,,,,,,,,,,,,
,,,,,,,,,,,,,,,,
,,,,,,,,,,,,,,,,
,,,,,,,,,,,,,,,,
,,,,,,,,,,,,,,,,
,,,,,,,,,,,,,,,,
,,,,,,,,,,,,,,,,
,,,,,,,,,,,,,,,,
,,,,,,,,,,,,,,,,
,,,,,,,,,,,,,,,,
,,,,,,,,,,,,,,,,
,,,,,,,,,,,,,,,,
,,,,,,,,,,,,,,,,
,,,,,,,,,,,,,,,,
,,,,,,,,,,,,,,,,
,,,,,,,,,,,,,,,,
,,,,,,,,,,,,,,,,
,,,,,,,,,,,,,,,,
,,,,,,,,,,,,,,,,
,,,,,,,,,,,,,,,,
,,,,,,,,,,,,,,,,
,,,,,,,,,,,,,,,,
,,,,,,,,,,,,,,,,
,,,,,,,,,,,,,,,,
,,,,,,,,,,,,,,,,
,,,,,,,,,,,,,,,,
,,,,,,,,,,,,,,,,
,,,,,,,,,,,,,,,,
,,,,,,,,,,,,,,,,
,,,,,,,,,,,,,,,,
,,,,,,,,,,,,,,,,
,,,,,,,,,,,,,,,,
,,,,,,,,,,,,,,,,
,,,,,,,,,,,,,,,,
,,,,,,,,,,,,,,,,
,,,,,,,,,,,,,,,,
,,,,,,,,,,,,,,,,
,,,,,,,,,,,,,,,,
,,,,,,,,,,,,,,,,
,,,,,,,,,,,,,,,,
,,,,,,,,,,,,,,,,
,,,,,,,,,,,,,,,,
,,,,,,,,,,,,,,,,
,,,,,,,,,,,,,,,,
,,,,,,,,,,,,,,,,
,,,,,,,,,,,,,,,,
,,,,,,,,,,,,,,,,
,,,,,,,,,,,,,,,,
,,,,,,,,,,,,,,,,
,,,,,,,,,,,,,,,,
,,,,,,,,,,,,,,,,
,,,,,,,,,,,,,,,,
,,,,,,,,,,,,,,,,
,,,,,,,,,,,,,,,,
,,,,,,,,,,,,,,,,
,,,,,,,,,,,,,,,,
,,,,,,,,,,,,,,,,
,,,,,,,,,,,,,,,,
,,,,,,,,,,,,,,,,
,,,,,,,,,,,,,,,,
,,,,,,,,,,,,,,,,
,,,,,,,,,,,,,,,,
,,,,,,,,,,,,,,,,
,,,,,,,,,,,,,,,,
,,,,,,,,,,,,,,,,
,,,,,,,,,,,,,,,,
,,,,,,,,,,,,,,,,
,,,,,,,,,,,,,,,,
,,,,,,,,,,,,,,,,
,,,,,,,,,,,,,,,,
,,,,,,,,,,,,,,,,
,,,,,,,,,,,,,,,,
,,,,,,,,,,,,,,,,
,,,,,,,,,,,,,,,,
,,,,,,,,,,,,,,,,
,,,,,,,,,,,,,,,,
,,,,,,,,,,,,,,,,
,,,,,,,,,,,,,,,,
,,,,,,,,,,,,,,,,
,,,,,,,,,,,,,,,,
,,,,,,,,,,,,,,,,
,,,,,,,,,,,,,,,,
,,,,,,,,,,,,,,,,
,,,,,,,,,,,,,,,,
,,,,,,,,,,,,,,,,
,,,,,,,,,,,,,,,,
,,,,,,,,,,,,,,,,
,,,,,,,,,,,,,,,,
,,,,,,,,,,,,,,,,
,,,,,,,,,,,,,,,,
,,,,,,,,,,,,,,,,
,,,,,,,,,,,,,,,,
,,,,,,,,,,,,,,,,
,,,,,,,,,,,,,,,,
,,,,,,,,,,,,,,,,
,,,,,,,,,,,,,,,,
,,,,,,,,,,,,,,,,
,,,,,,,,,,,,,,,,
,,,,,,,,,,,,,,,,
,,,,,,,,,,,,,,,,
,,,,,,,,,,,,,,,,
,,,,,,,,,,,,,,,,
,,,,,,,,,,,,,,,,
,,,,,,,,,,,,,,,,
,,,,,,,,,,,,,,,,
,,,,,,,,,,,,,,,,
,,,,,,,,,,,,,,,,
,,,,,,,,,,,,,,,,
,,,,,,,,,,,,,,,,
,,,,,,,,,,,,,,,,
,,,,,,,,,,,,,,,,
,,,,,,,,,,,,,,,,
,,,,,,,,,,,,,,,,
,,,,,,,,,,,,,,,,
,,,,,,,,,,,,,,,,
,,,,,,,,,,,,,,,,
,,,,,,,,,,,,,,,,
,,,,,,,,,,,,,,,,
,,,,,,,,,,,,,,,,
,,,,,,,,,,,,,,,,
,,,,,,,,,,,,,,,,
,,,,,,,,,,,,,,,,
,,,,,,,,,,,,,,,,
,,,,,,,,,,,,,,,,
,,,,,,,,,,,,,,,,
,,,,,,,,,,,,,,,,
,,,,,,,,,,,,,,,,
,,,,,,,,,,,,,,,,
,,,,,,,,,,,,,,,,
,,,,,,,,,,,,,,,,
,,,,,,,,,,,,,,,,
,,,,,,,,,,,,,,,,
,,,,,,,,,,,,,,,,
,,,,,,,,,,,,,,,,
,,,,,,,,,,,,,,,,
,,,,,,,,,,,,,,,,
,,,,,,,,,,,,,,,,
,,,,,,,,,,,,,,,,
,,,,,,,,,,,,,,,,
,,,,,,,,,,,,,,,,
,,,,,,,,,,,,,,,,
,,,,,,,,,,,,,,,,
,,,,,,,,,,,,,,,,
,,,,,,,,,,,,,,,,
,,,,,,,,,,,,,,,,
,,,,,,,,,,,,,,,,
,,,,,,,,,,,,,,,,
,,,,,,,,,,,,,,,,
,,,,,,,,,,,,,,,,
,,,,,,,,,,,,,,,,
,,,,,,,,,,,,,,,,
,,,,,,,,,,,,,,,,
,,,,,,,,,,,,,,,,
,,,,,,,,,,,,,,,,
,,,,,,,,,,,,,,,,
,,,,,,,,,,,,,,,,
,,,,,,,,,,,,,,,,
,,,,,,,,,,,,,,,,
,,,,,,,,,,,,,,,,
,,,,,,,,,,,,,,,,
,,,,,,,,,,,,,,,,
,,,,,,,,,,,,,,,,
,,,,,,,,,,,,,,,,
,,,,,,,,,,,,,,,,
,,,,,,,,,,,,,,,,
,,,,,,,,,,,,,,,,
,,,,,,,,,,,,,,,,
,,,,,,,,,,,,,,,,
,,,,,,,,,,,,,,,,
,,,,,,,,,,,,,,,,
,,,,,,,,,,,,,,,,
,,,,,,,,,,,,,,,,
,,,,,,,,,,,,,,,,
,,,,,,,,,,,,,,,,
,,,,,,,,,,,,,,,,
,,,,,,,,,,,,,,,,
,,,,,,,,,,,,,,,,
,,,,,,,,,,,,,,,,
,,,,,,,,,,,,,,,,
,,,,,,,,,,,,,,,,
,,,,,,,,,,,,,,,,
,,,,,,,,,,,,,,,,
,,,,,,,,,,,,,,,,
,,,,,,,,,,,,,,,,
,,,,,,,,,,,,,,,,
,,,,,,,,,,,,,,,,
,,,,,,,,,,,,,,,,
,,,,,,,,,,,,,,,,
,,,,,,,,,,,,,,,,
,,,,,,,,,,,,,,,,
,,,,,,,,,,,,,,,,
,,,,,,,,,,,,,,,,
,,,,,,,,,,,,,,,,
,,,,,,,,,,,,,,,,
,,,,,,,,,,,,,,,,
,,,,,,,,,,,,,,,,
,,,,,,,,,,,,,,,,
,,,,,,,,,,,,,,,,
,,,,,,,,,,,,,,,,
,,,,,,,,,,,,,,,,
,,,,,,,,,,,,,,,,
,,,,,,,,,,,,,,,,
,,,,,,,,,,,,,,,,
,,,,,,,,,,,,,,,,
,,,,,,,,,,,,,,,,
,,,,,,,,,,,,,,,,
,,,,,,,,,,,,,,,,
,,,,,,,,,,,,,,,,
,,,,,,,,,,,,,,,,
,,,,,,,,,,,,,,,,
,,,,,,,,,,,,,,,,
,,,,,,,,,,,,,,,,
,,,,,,,,,,,,,,,,
,,,,,,,,,,,,,,,,
,,,,,,,,,,,,,,,,
,,,,,,,,,,,,,,,,
,,,,,,,,,,,,,,,,
,,,,,,,,,,,,,,,,
,,,,,,,,,,,,,,,,
,,,,,,,,,,,,,,,,
,,,,,,,,,,,,,,,,
,,,,,,,,,,,,,,,,
,,,,,,,,,,,,,,,,
,,,,,,,,,,,,,,,,
,,,,,,,,,,,,,,,,
,,,,,,,,,,,,,,,,
,,,,,,,,,,,,,,,,
,,,,,,,,,,,,,,,,
,,,,,,,,,,,,,,,,
,,,,,,,,,,,,,,,,
,,,,,,,,,,,,,,,,
,,,,,,,,,,,,,,,,
,,,,,,,,,,,,,,,,
,,,,,,,,,,,,,,,,
,,,,,,,,,,,,,,,,
,,,,,,,,,,,,,,,,
,,,,,,,,,,,,,,,,
,,,,,,,,,,,,,,,,
,,,,,,,,,,,,,,,,
,,,,,,,,,,,,,,,,
,,,,,,,,,,,,,,,,
,,,,,,,,,,,,,,,,
,,,,,,,,,,,,,,,,
,,,,,,,,,,,,,,,,
,,,,,,,,,,,,,,,,
,,,,,,,,,,,,,,,,
,,,,,,,,,,,,,,,,
,,,,,,,,,,,,,,,,
,,,,,,,,,,,,,,,,
,,,,,,,,,,,,,,,,
,,,,,,,,,,,,,,,,
,,,,,,,,,,,,,,,,
,,,,,,,,,,,,,,,,
,,,,,,,,,,,,,,,,
,,,,,,,,,,,,,,,,
,,,,,,,,,,,,,,,,
,,,,,,,,,,,,,,,,
,,,,,,,,,,,,,,,,
,,,,,,,,,,,,,,,,
,,,,,,,,,,,,,,,,
,,,,,,,,,,,,,,,,
,,,,,,,,,,,,,,,,
,,,,,,,,,,,,,,,,
,,,,,,,,,,,,,,,,
,,,,,,,,,,,,,,,,
,,,,,,,,,,,,,,,,
,,,,,,,,,,,,,,,,
,,,,,,,,,,,,,,,,
,,,,,,,,,,,,,,,,
,,,,,,,,,,,,,,,,
,,,,,,,,,,,,,,,,
,,,,,,,,,,,,,,,,
,,,,,,,,,,,,,,,,
,,,,,,,,,,,,,,,,
,,,,,,,,,,,,,,,,
,,,,,,,,,,,,,,,,
,,,,,,,,,,,,,,,,
,,,,,,,,,,,,,,,,
,,,,,,,,,,,,,,,,
,,,,,,,,,,,,,,,,
,,,,,,,,,,,,,,,,
,,,,,,,,,,,,,,,,
,,,,,,,,,,,,,,,,
,,,,,,,,,,,,,,,,
,,,,,,,,,,,,,,,,
,,,,,,,,,,,,,,,,
,,,,,,,,,,,,,,,,
,,,,,,,,,,,,,,,,
,,,,,,,,,,,,,,,,
,,,,,,,,,,,,,,,,
,,,,,,,,,,,,,,,,
,,,,,,,,,,,,,,,,
,,,,,,,,,,,,,,,,
,,,,,,,,,,,,,,,,
,,,,,,,,,,,,,,,,
,,,,,,,,,,,,,,,,
,,,,,,,,,,,,,,,,
,,,,,,,,,,,,,,,,
,,,,,,,,,,,,,,,,
,,,,,,,,,,,,,,,,
,,,,,,,,,,,,,,,,
,,,,,,,,,,,,,,,,
,,,,,,,,,,,,,,,,
,,,,,,,,,,,,,,,,
,,,,,,,,,,,,,,,,
,,,,,,,,,,,,,,,,
,,,,,,,,,,,,,,,,
,,,,,,,,,,,,,,,,
,,,,,,,,,,,,,,,,
,,,,,,,,,,,,,,,,
,,,,,,,,,,,,,,,,
,,,,,,,,,,,,,,,,
,,,,,,,,,,,,,,,,
,,,,,,,,,,,,,,,,
,,,,,,,,,,,,,,,,
,,,,,,,,,,,,,,,,
,,,,,,,,,,,,,,,,
,,,,,,,,,,,,,,,,
,,,,,,,,,,,,,,,,
,,,,,,,,,,,,,,,,
,,,,,,,,,,,,,,,,
,,,,,,,,,,,,,,,,
,,,,,,,,,,,,,,,,
,,,,,,,,,,,,,,,,
,,,,,,,,,,,,,,,,
,,,,,,,,,,,,,,,,
,,,,,,,,,,,,,,,,
,,,,,,,,,,,,,,,,
,,,,,,,,,,,,,,,,
,,,,,,,,,,,,,,,,
,,,,,,,,,,,,,,,,
,,,,,,,,,,,,,,,,
,,,,,,,,,,,,,,,,
,,,,,,,,,,,,,,,,
,,,,,,,,,,,,,,,,
,,,,,,,,,,,,,,,,
,,,,,,,,,,,,,,,,
,,,,,,,,,,,,,,,,
,,,,,,,,,,,,,,,,
,,,,,,,,,,,,,,,,
,,,,,,,,,,,,,,,,
,,,,,,,,,,,,,,,,
,,,,,,,,,,,,,,,,
,,,,,,,,,,,,,,,,
,,,,,,,,,,,,,,,,
,,,,,,,,,,,,,,,,
,,,,,,,,,,,,,,,,
,,,,,,,,,,,,,,,,
,,,,,,,,,,,,,,,,
,,,,,,,,,,,,,,,,
,,,,,,,,,,,,,,,,
,,,,,,,,,,,,,,,,
,,,,,,,,,,,,,,,,
,,,,,,,,,,,,,,,,
,,,,,,,,,,,,,,,,
,,,,,,,,,,,,,,,,
,,,,,,,,,,,,,,,,
,,,,,,,,,,,,,,,,
,,,,,,,,,,,,,,,,
,,,,,,,,,,,,,,,,
,,,,,,,,,,,,,,,,
,,,,,,,,,,,,,,,,
,,,,,,,,,,,,,,,,
,,,,,,,,,,,,,,,,
,,,,,,,,,,,,,,,,
,,,,,,,,,,,,,,,,
,,,,,,,,,,,,,,,,
,,,,,,,,,,,,,,,,
,,,,,,,,,,,,,,,,
,,,,,,,,,,,,,,,,
,,,,,,,,,,,,,,,,
,,,,,,,,,,,,,,,,
,,,,,,,,,,,,,,,,
,,,,,,,,,,,,,,,,
,,,,,,,,,,,,,,,,
,,,,,,,,,,,,,,,,
,,,,,,,,,,,,,,,,
,,,,,,,,,,,,,,,,
,,,,,,,,,,,,,,,,
,,,,,,,,,,,,,,,,
,,,,,,,,,,,,,,,,
,,,,,,,,,,,,,,,,
,,,,,,,,,,,,,,,,
,,,,,,,,,,,,,,,,
,,,,,,,,,,,,,,,,
,,,,,,,,,,,,,,,,
,,,,,,,,,,,,,,,,
,,,,,,,,,,,,,,,,
,,,,,,,,,,,,,,,,
,,,,,,,,,,,,,,,,
,,,,,,,,,,,,,,,,
,,,,,,,,,,,,,,,,
,,,,,,,,,,,,,,,,
,,,,,,,,,,,,,,,,
,,,,,,,,,,,,,,,,
,,,,,,,,,,,,,,,,
,,,,,,,,,,,,,,,,
,,,,,,,,,,,,,,,,
,,,,,,,,,,,,,,,,
,,,,,,,,,,,,,,,,
,,,,,,,,,,,,,,,,
,,,,,,,,,,,,,,,,
,,,,,,,,,,,,,,,,
,,,,,,,,,,,,,,,,
,,,,,,,,,,,,,,,,
,,,,,,,,,,,,,,,,
,,,,,,,,,,,,,,,,
,,,,,,,,,,,,,,,,
,,,,,,,,,,,,,,,,
,,,,,,,,,,,,,,,,
,,,,,,,,,,,,,,,,
,,,,,,,,,,,,,,,,
,,,,,,,,,,,,,,,,
,,,,,,,,,,,,,,,,
,,,,,,,,,,,,,,,,
,,,,,,,,,,,,,,,,
,,,,,,,,,,,,,,,,
,,,,,,,,,,,,,,,,
,,,,,,,,,,,,,,,,
,,,,,,,,,,,,,,,,
,,,,,,,,,,,,,,,,
,,,,,,,,,,,,,,,,
,,,,,,,,,,,,,,,,
,,,,,,,,,,,,,,,,
,,,,,,,,,,,,,,,,
,,,,,,,,,,,,,,,,
,,,,,,,,,,,,,,,,
,,,,,,,,,,,,,,,,
,,,,,,,,,,,,,,,,
,,,,,,,,,,,,,,,,
,,,,,,,,,,,,,,,,
,,,,,,,,,,,,,,,,
,,,,,,,,,,,,,,,,
,,,,,,,,,,,,,,,,
,,,,,,,,,,,,,,,,
,,,,,,,,,,,,,,,,
,,,,,,,,,,,,,,,,
,,,,,,,,,,,,,,,,
,,,,,,,,,,,,,,,,
,,,,,,,,,,,,,,,,
,,,,,,,,,,,,,,,,
,,,,,,,,,,,,,,,,
,,,,,,,,,,,,,,,,
,,,,,,,,,,,,,,,,
,,,,,,,,,,,,,,,,
,,,,,,,,,,,,,,,,
,,,,,,,,,,,,,,,,
,,,,,,,,,,,,,,,,
,,,,,,,,,,,,,,,,
,,,,,,,,,,,,,,,,
,,,,,,,,,,,,,,,,
,,,,,,,,,,,,,,,,
,,,,,,,,,,,,,,,,
,,,,,,,,,,,,,,,,
,,,,,,,,,,,,,,,,
,,,,,,,,,,,,,,,,
,,,,,,,,,,,,,,,,
,,,,,,,,,,,,,,,,
,,,,,,,,,,,,,,,,
,,,,,,,,,,,,,,,,
,,,,,,,,,,,,,,,,
,,,,,,,,,,,,,,,,
,,,,,,,,,,,,,,,,
,,,,,,,,,,,,,,,,
,,,,,,,,,,,,,,,,
,,,,,,,,,,,,,,,,
,,,,,,,,,,,,,,,,
,,,,,,,,,,,,,,,,
,,,,,,,,,,,,,,,,
,,,,,,,,,,,,,,,,
,,,,,,,,,,,,,,,,
,,,,,,,,,,,,,,,,
,,,,,,,,,,,,,,,,
,,,,,,,,,,,,,,,,
,,,,,,,,,,,,,,,,
,,,,,,,,,,,,,,,,
,,,,,,,,,,,,,,,,
,,,,,,,,,,,,,,,,
,,,,,,,,,,,,,,,,
,,,,,,,,,,,,,,,,
,,,,,,,,,,,,,,,,
,,,,,,,,,,,,,,,,
,,,,,,,,,,,,,,,,
,,,,,,,,,,,,,,,,
,,,,,,,,,,,,,,,,
,,,,,,,,,,,,,,,,
,,,,,,,,,,,,,,,,
,,,,,,,,,,,,,,,,
,,,,,,,,,,,,,,,,
,,,,,,,,,,,,,,,,
,,,,,,,,,,,,,,,,
,,,,,,,,,,,,,,,,
,,,,,,,,,,,,,,,,
,,,,,,,,,,,,,,,,
,,,,,,,,,,,,,,,,
,,,,,,,,,,,,,,,,
,,,,,,,,,,,,,,,,
,,,,,,,,,,,,,,,,
,,,,,,,,,,,,,,,,
,,,,,,,,,,,,,,,,
,,,,,,,,,,,,,,,,
,,,,,,,,,,,,,,,,
,,,,,,,,,,,,,,,,
,,,,,,,,,,,,,,,,
,,,,,,,,,,,,,,,,
,,,,,,,,,,,,,,,,
,,,,,,,,,,,,,,,,
,,,,,,,,,,,,,,,,
,,,,,,,,,,,,,,,,
,,,,,,,,,,,,,,,,
,,,,,,,,,,,,,,,,
,,,,,,,,,,,,,,,,
,,,,,,,,,,,,,,,,
,,,,,,,,,,,,,,,,
,,,,,,,,,,,,,,,,
,,,,,,,,,,,,,,,,
,,,,,,,,,,,,,,,,
,,,,,,,,,,,,,,,,
,,,,,,,,,,,,,,,,
,,,,,,,,,,,,,,,,
,,,,,,,,,,,,,,,,
,,,,,,,,,,,,,,,,
,,,,,,,,,,,,,,,,
,,,,,,,,,,,,,,,,
,,,,,,,,,,,,,,,,
,,,,,,,,,,,,,,,,
,,,,,,,,,,,,,,,,
,,,,,,,,,,,,,,,,
,,,,,,,,,,,,,,,,
,,,,,,,,,,,,,,,,
,,,,,,,,,,,,,,,,
,,,,,,,,,,,,,,,,
,,,,,,,,,,,,,,,,
,,,,,,,,,,,,,,,,
,,,,,,,,,,,,,,,,
,,,,,,,,,,,,,,,,
,,,,,,,,,,,,,,,,
,,,,,,,,,,,,,,,,
,,,,,,,,,,,,,,,,
,,,,,,,,,,,,,,,,
,,,,,,,,,,,,,,,,
,,,,,,,,,,,,,,,,
,,,,,,,,,,,,,,,,
,,,,,,,,,,,,,,,,
,,,,,,,,,,,,,,,,
,,,,,,,,,,,,,,,,
,,,,,,,,,,,,,,,,
,,,,,,,,,,,,,,,,
,,,,,,,,,,,,,,,,
,,,,,,,,,,,,,,,,
,,,,,,,,,,,,,,,,
,,,,,,,,,,,,,,,,
,,,,,,,,,,,,,,,,
,,,,,,,,,,,,,,,,
,,,,,,,,,,,,,,,,
,,,,,,,,,,,,,,,,
,,,,,,,,,,,,,,,,
,,,,,,,,,,,,,,,,
,,,,,,,,,,,,,,,,
,,,,,,,,,,,,,,,,
,,,,,,,,,,,,,,,,
,,,,,,,,,,,,,,,,
,,,,,,,,,,,,,,,,
,,,,,,,,,,,,,,,,
,,,,,,,,,,,,,,,,
,,,,,,,,,,,,,,,,
,,,,,,,,,,,,,,,,
,,,,,,,,,,,,,,,,
,,,,,,,,,,,,,,,,
,,,,,,,,,,,,,,,,
,,,,,,,,,,,,,,,,
,,,,,,,,,,,,,,,,
,,,,,,,,,,,,,,,,
,,,,,,,,,,,,,,,,
,,,,,,,,,,,,,,,,
,,,,,,,,,,,,,,,,
,,,,,,,,,,,,,,,,
,,,,,,,,,,,,,,,,
,,,,,,,,,,,,,,,,
,,,,,,,,,,,,,,,,
,,,,,,,,,,,,,,,,
,,,,,,,,,,,,,,,,
,,,,,,,,,,,,,,,,
,,,,,,,,,,,,,,,,
,,,,,,,,,,,,,,,,
,,,,,,,,,,,,,,,,
,,,,,,,,,,,,,,,,
,,,,,,,,,,,,,,,,
,,,,,,,,,,,,,,,,
,,,,,,,,,,,,,,,,
,,,,,,,,,,,,,,,,
,,,,,,,,,,,,,,,,
,,,,,,,,,,,,,,,,
,,,,,,,,,,,,,,,,
,,,,,,,,,,,,,,,,
,,,,,,,,,,,,,,,,
,,,,,,,,,,,,,,,,
,,,,,,,,,,,,,,,,
,,,,,,,,,,,,,,,,
,,,,,,,,,,,,,,,,
,,,,,,,,,,,,,,,,
,,,,,,,,,,,,,,,,
,,,,,,,,,,,,,,,,
,,,,,,,,,,,,,,,,
,,,,,,,,,,,,,,,,
,,,,,,,,,,,,,,,,
,,,,,,,,,,,,,,,,
,,,,,,,,,,,,,,,,
,,,,,,,,,,,,,,,,
,,,,,,,,,,,,,,,,
,,,,,,,,,,,,,,,,
,,,,,,,,,,,,,,,,
,,,,,,,,,,,,,,,,
,,,,,,,,,,,,,,,,
,,,,,,,,,,,,,,,,
,,,,,,,,,,,,,,,,
,,,,,,,,,,,,,,,,
,,,,,,,,,,,,,,,,
,,,,,,,,,,,,,,,,
,,,,,,,,,,,,,,,,
,,,,,,,,,,,,,,,,
,,,,,,,,,,,,,,,,
,,,,,,,,,,,,,,,,
,,,,,,,,,,,,,,,,
,,,,,,,,,,,,,,,,
,,,,,,,,,,,,,,,,
,,,,,,,,,,,,,,,,
,,,,,,,,,,,,,,,,
,,,,,,,,,,,,,,,,
,,,,,,,,,,,,,,,,
,,,,,,,,,,,,,,,,
,,,,,,,,,,,,,,,,
,,,,,,,,,,,,,,,,
,,,,,,,,,,,,,,,,
,,,,,,,,,,,,,,,,
,,,,,,,,,,,,,,,,
,,,,,,,,,,,,,,,,
,,,,,,,,,,,,,,,,
,,,,,,,,,,,,,,,,
,,,,,,,,,,,,,,,,
,,,,,,,,,,,,,,,,
,,,,,,,,,,,,,,,,
,,,,,,,,,,,,,,,,
,,,,,,,,,,,,,,,,
,,,,,,,,,,,,,,,,
,,,,,,,,,,,,,,,,
,,,,,,,,,,,,,,,,
,,,,,,,,,,,,,,,,
,,,,,,,,,,,,,,,,
,,,,,,,,,,,,,,,,
,,,,,,,,,,,,,,,,
,,,,,,,,,,,,,,,,
,,,,,,,,,,,,,,,,
,,,,,,,,,,,,,,,,
,,,,,,,,,,,,,,,,
,,,,,,,,,,,,,,,,
,,,,,,,,,,,,,,,,
,,,,,,,,,,,,,,,,
,,,,,,,,,,,,,,,,
,,,,,,,,,,,,,,,,
,,,,,,,,,,,,,,,,
,,,,,,,,,,,,,,,,
,,,,,,,,,,,,,,,,
,,,,,,,,,,,,,,,,
,,,,,,,,,,,,,,,,
,,,,,,,,,,,,,,,,
,,,,,,,,,,,,,,,,
,,,,,,,,,,,,,,,,
,,,,,,,,,,,,,,,,
,,,,,,,,,,,,,,,,
,,,,,,,,,,,,,,,,
,,,,,,,,,,,,,,,,
,,,,,,,,,,,,,,,,
,,,,,,,,,,,,,,,,
,,,,,,,,,,,,,,,,
,,,,,,,,,,,,,,,,
,,,,,,,,,,,,,,,,
,,,,,,,,,,,,,,,,
,,,,,,,,,,,,,,,,
,,,,,,,,,,,,,,,,
,,,,,,,,,,,,,,,,
,,,,,,,,,,,,,,,,
,,,,,,,,,,,,,,,,
,,,,,,,,,,,,,,,,
,,,,,,,,,,,,,,,,
,,,,,,,,,,,,,,,,
,,,,,,,,,,,,,,,,
,,,,,,,,,,,,,,,,
,,,,,,,,,,,,,,,,
,,,,,,,,,,,,,,,,
,,,,,,,,,,,,,,,,
,,,,,,,,,,,,,,,,
,,,,,,,,,,,,,,,,
,,,,,,,,,,,,,,,,
,,,,,,,,,,,,,,,,
,,,,,,,,,,,,,,,,
,,,,,,,,,,,,,,,,
,,,,,,,,,,,,,,,,
,,,,,,,,,,,,,,,,
,,,,,,,,,,,,,,,,
,,,,,,,,,,,,,,,,
,,,,,,,,,,,,,,,,
,,,,,,,,,,,,,,,,
,,,,,,,,,,,,,,,,
,,,,,,,,,,,,,,,,
,,,,,,,,,,,,,,,,
,,,,,,,,,,,,,,,,
,,,,,,,,,,,,,,,,
,,,,,,,,,,,,,,,,
,,,,,,,,,,,,,,,,
,,,,,,,,,,,,,,,,
,,,,,,,,,,,,,,,,
,,,,,,,,,,,,,,,,
,,,,,,,,,,,,,,,,
,,,,,,,,,,,,,,,,
,,,,,,,,,,,,,,,,
,,,,,,,,,,,,,,,,
,,,,,,,,,,,,,,,,
,,,,,,,,,,,,,,,,
,,,,,,,,,,,,,,,,
,,,,,,,,,,,,,,,,
,,,,,,,,,,,,,,,,
,,,,,,,,,,,,,,,,
,,,,,,,,,,,,,,,,
,,,,,,,,,,,,,,,,
,,,,,,,,,,,,,,,,
,,,,,,,,,,,,,,,,
,,,,,,,,,,,,,,,,
,,,,,,,,,,,,,,,,
,,,,,,,,,,,,,,,,
,,,,,,,,,,,,,,,,
,,,,,,,,,,,,,,,,
,,,,,,,,,,,,,,,,
,,,,,,,,,,,,,,,,
,,,,,,,,,,,,,,,,
,,,,,,,,,,,,,,,,
,,,,,,,,,,,,,,,,
,,,,,,,,,,,,,,,,
,,,,,,,,,,,,,,,,
,,,,,,,,,,,,,,,,
,,,,,,,,,,,,,,,,
,,,,,,,,,,,,,,,,
,,,,,,,,,,,,,,,,
,,,,,,,,,,,,,,,,
,,,,,,,,,,,,,,,,
,,,,,,,,,,,,,,,,
,,,,,,,,,,,,,,,,
,,,,,,,,,,,,,,,,
,,,,,,,,,,,,,,,,
,,,,,,,,,,,,,,,,
,,,,,,,,,,,,,,,,
,,,,,,,,,,,,,,,,
,,,,,,,,,,,,,,,,
,,,,,,,,,,,,,,,,
,,,,,,,,,,,,,,,,
,,,,,,,,,,,,,,,,
,,,,,,,,,,,,,,,,
,,,,,,,,,,,,,,,,
,,,,,,,,,,,,,,,,
,,,,,,,,,,,,,,,,
,,,,,,,,,,,,,,,,
,,,,,,,,,,,,,,,,
,,,,,,,,,,,,,,,,
,,,,,,,,,,,,,,,,
,,,,,,,,,,,,,,,,
,,,,,,,,,,,,,,,,
,,,,,,,,,,,,,,,,
,,,,,,,,,,,,,,,,
,,,,,,,,,,,,,,,,
,,,,,,,,,,,,,,,,
,,,,,,,,,,,,,,,,
,,,,,,,,,,,,,,,,
,,,,,,,,,,,,,,,,
,,,,,,,,,,,,,,,,
,,,,,,,,,,,,,,,,
,,,,,,,,,,,,,,,,
,,,,,,,,,,,,,,,,
,,,,,,,,,,,,,,,,
,,,,,,,,,,,,,,,,
,,,,,,,,,,,,,,,,
,,,,,,,,,,,,,,,,
,,,,,,,,,,,,,,,,
,,,,,,,,,,,,,,,,
,,,,,,,,,,,,,,,,
,,,,,,,,,,,,,,,,
,,,,,,,,,,,,,,,,
,,,,,,,,,,,,,,,,
,,,,,,,,,,,,,,,,
,,,,,,,,,,,,,,,,
,,,,,,,,,,,,,,,,
,,,,,,,,,,,,,,,,
,,,,,,,,,,,,,,,,
,,,,,,,,,,,,,,,,
,,,,,,,,,,,,,,,,
,,,,,,,,,,,,,,,,
,,,,,,,,,,,,,,,,
,,,,,,,,,,,,,,,,
,,,,,,,,,,,,,,,,
,,,,,,,,,,,,,,,,
,,,,,,,,,,,,,,,,
,,,,,,,,,,,,,,,,
,,,,,,,,,,,,,,,,
,,,,,,,,,,,,,,,,
,,,,,,,,,,,,,,,,
,,,,,,,,,,,,,,,,
,,,,,,,,,,,,,,,,
,,,,,,,,,,,,,,,,
,,,,,,,,,,,,,,,,
,,,,,,,,,,,,,,,,
,,,,,,,,,,,,,,,,
,,,,,,,,,,,,,,,,
,,,,,,,,,,,,,,,,
,,,,,,,,,,,,,,,,
,,,,,,,,,,,,,,,,
,,,,,,,,,,,,,,,,
,,,,,,,,,,,,,,,,
,,,,,,,,,,,,,,,,
,,,,,,,,,,,,,,,,
,,,,,,,,,,,,,,,,
,,,,,,,,,,,,,,,,
,,,,,,,,,,,,,,,,
,,,,,,,,,,,,,,,,
,,,,,,,,,,,,,,,,
,,,,,,,,,,,,,,,,
,,,,,,,,,,,,,,,,
,,,,,,,,,,,,,,,,
,,,,,,,,,,,,,,,,
,,,,,,,,,,,,,,,,
,,,,,,,,,,,,,,,,
,,,,,,,,,,,,,,,,
,,,,,,,,,,,,,,,,
,,,,,,,,,,,,,,,,
,,,,,,,,,,,,,,,,
,,,,,,,,,,,,,,,,
,,,,,,,,,,,,,,,,
,,,,,,,,,,,,,,,,
,,,,,,,,,,,,,,,,
,,,,,,,,,,,,,,,,
,,,,,,,,,,,,,,,,
,,,,,,,,,,,,,,,,
,,,,,,,,,,,,,,,,
,,,,,,,,,,,,,,,,
,,,,,,,,,,,,,,,,
,,,,,,,,,,,,,,,,
,,,,,,,,,,,,,,,,
,,,,,,,,,,,,,,,,
,,,,,,,,,,,,,,,,
,,,,,,,,,,,,,,,,
,,,,,,,,,,,,,,,,
,,,,,,,,,,,,,,,,
,,,,,,,,,,,,,,,,
,,,,,,,,,,,,,,,,
,,,,,,,,,,,,,,,,
,,,,,,,,,,,,,,,,
,,,,,,,,,,,,,,,,
,,,,,,,,,,,,,,,,
,,,,,,,,,,,,,,,,
,,,,,,,,,,,,,,,,
,,,,,,,,,,,,,,,,
,,,,,,,,,,,,,,,,
,,,,,,,,,,,,,,,,
,,,,,,,,,,,,,,,,
,,,,,,,,,,,,,,,,
,,,,,,,,,,,,,,,,
,,,,,,,,,,,,,,,,
,,,,,,,,,,,,,,,,
,,,,,,,,,,,,,,,,
,,,,,,,,,,,,,,,,
,,,,,,,,,,,,,,,,
,,,,,,,,,,,,,,,,
,,,,,,,,,,,,,,,,
,,,,,,,,,,,,,,,,
,,,,,,,,,,,,,,,,
,,,,,,,,,,,,,,,,
,,,,,,,,,,,,,,,,
,,,,,,,,,,,,,,,,
,,,,,,,,,,,,,,,,
,,,,,,,,,,,,,,,,
,,,,,,,,,,,,,,,,
,,,,,,,,,,,,,,,,
,,,,,,,,,,,,,,,,
,,,,,,,,,,,,,,,,
,,,,,,,,,,,,,,,,
,,,,,,,,,,,,,,,,
,,,,,,,,,,,,,,,,
,,,,,,,,,,,,,,,,
,,,,,,,,,,,,,,,,
,,,,,,,,,,,,,,,,
,,,,,,,,,,,,,,,,
,,,,,,,,,,,,,,,,
,,,,,,,,,,,,,,,,
,,,,,,,,,,,,,,,,
,,,,,,,,,,,,,,,,
,,,,,,,,,,,,,,,,
,,,,,,,,,,,,,,,,
,,,,,,,,,,,,,,,,
,,,,,,,,,,,,,,,,
