instant,dteday,season,yr,mnth,hr,holiday,weekday,workingday,weathersit,temp,atemp,hum,windspeed,casual,registered,cnt
1,1/1/2011,1,0,1,0,0,6,0,1,0.24,0.2879,0.81,0,3,13,16
2,1/1/2011,1,0,1,1,0,6,0,1,0.22,0.2727,0.8,0,8,32,40
3,1/1/2011,1,0,1,2,0,6,0,1,0.22,0.2727,0.8,0,5,27,32
4,1/1/2011,1,0,1,3,0,6,0,1,0.24,0.2879,0.75,0,3,10,13
5,1/1/2011,1,0,1,4,0,6,0,1,0.24,0.2879,0.75,0,0,1,1
6,1/1/2011,1,0,1,5,0,6,0,2,0.24,0.2576,0.75,0.0896,0,1,1
7,1/1/2011,1,0,1,6,0,6,0,1,0.22,0.2727,0.8,0,2,0,2
8,1/1/2011,1,0,1,7,0,6,0,1,0.2,0.2576,0.86,0,1,2,3
9,1/1/2011,1,0,1,8,0,6,0,1,0.24,0.2879,0.75,0,1,7,8
10,1/1/2011,1,0,1,9,0,6,0,1,0.32,0.3485,0.76,0,8,6,14
11,1/1/2011,1,0,1,10,0,6,0,1,0.38,0.3939,0.76,0.2537,12,24,36
12,1/1/2011,1,0,1,11,0,6,0,1,0.36,0.3333,0.81,0.2836,26,30,56
13,1/1/2011,1,0,1,12,0,6,0,1,0.42,0.4242,0.77,0.2836,29,55,84
14,1/1/2011,1,0,1,13,0,6,0,2,0.46,0.4545,0.72,0.2985,47,47,94
15,1/1/2011,1,0,1,14,0,6,0,2,0.46,0.4545,0.72,0.2836,35,71,106
16,1/1/2011,1,0,1,15,0,6,0,2,0.44,0.4394,0.77,0.2985,40,70,110
17,1/1/2011,1,0,1,16,0,6,0,2,0.42,0.4242,0.82,0.2985,41,52,93
18,1/1/2011,1,0,1,17,0,6,0,2,0.44,0.4394,0.82,0.2836,15,52,67
19,1/1/2011,1,0,1,18,0,6,0,3,0.42,0.4242,0.88,0.2537,9,26,35
20,1/1/2011,1,0,1,19,0,6,0,3,0.42,0.4242,0.88,0.2537,6,31,37
21,1/1/2011,1,0,1,20,0,6,0,2,0.4,0.4091,0.87,0.2537,11,25,36
22,1/1/2011,1,0,1,21,0,6,0,2,0.4,0.4091,0.87,0.194,3,31,34
23,1/1/2011,1,0,1,22,0,6,0,2,0.4,0.4091,0.94,0.2239,11,17,28
24,1/1/2011,1,0,1,23,0,6,0,2,0.46,0.4545,0.88,0.2985,15,24,39
25,1/2/2011,1,0,1,0,0,0,0,2,0.46,0.4545,0.88,0.2985,4,13,17
26,1/2/2011,1,0,1,1,0,0,0,2,0.44,0.4394,0.94,0.2537,1,16,17
27,1/2/2011,1,0,1,2,0,0,0,2,0.42,0.4242,1,0.2836,1,8,9
28,1/2/2011,1,0,1,3,0,0,0,2,0.46,0.4545,0.94,0.194,2,4,6
29,1/2/2011,1,0,1,4,0,0,0,2,0.46,0.4545,0.94,0.194,2,1,3
30,1/2/2011,1,0,1,6,0,0,0,3,0.42,0.4242,0.77,0.2985,0,2,2
31,1/2/2011,1,0,1,7,0,0,0,2,0.4,0.4091,0.76,0.194,0,1,1
32,1/2/2011,1,0,1,8,0,0,0,3,0.4,0.4091,0.71,0.2239,0,8,8
33,1/2/2011,1,0,1,9,0,0,0,2,0.38,0.3939,0.76,0.2239,1,19,20
34,1/2/2011,1,0,1,10,0,0,0,2,0.36,0.3485,0.81,0.2239,7,46,53
35,1/2/2011,1,0,1,11,0,0,0,2,0.36,0.3333,0.71,0.2537,16,54,70
36,1/2/2011,1,0,1,12,0,0,0,2,0.36,0.3333,0.66,0.2985,20,73,93
37,1/2/2011,1,0,1,13,0,0,0,2,0.36,0.3485,0.66,0.1343,11,64,75
38,1/2/2011,1,0,1,14,0,0,0,3,0.36,0.3485,0.76,0.194,4,55,59
39,1/2/2011,1,0,1,15,0,0,0,3,0.34,0.3333,0.81,0.1642,19,55,74
40,1/2/2011,1,0,1,16,0,0,0,3,0.34,0.3333,0.71,0.1642,9,67,76
41,1/2/2011,1,0,1,17,0,0,0,1,0.34,0.3333,0.57,0.194,7,58,65
42,1/2/2011,1,0,1,18,0,0,0,2,0.36,0.3333,0.46,0.3284,10,43,53
43,1/2/2011,1,0,1,19,0,0,0,1,0.32,0.2879,0.42,0.4478,1,29,30
44,1/2/2011,1,0,1,20,0,0,0,1,0.3,0.2727,0.39,0.3582,5,17,22
45,1/2/2011,1,0,1,21,0,0,0,1,0.26,0.2273,0.44,0.3284,11,20,31
46,1/2/2011,1,0,1,22,0,0,0,1,0.24,0.2121,0.44,0.2985,0,9,9
47,1/2/2011,1,0,1,23,0,0,0,1,0.22,0.2273,0.47,0.1642,0,8,8
48,1/3/2011,1,0,1,0,0,1,1,1,0.22,0.197,0.44,0.3582,0,5,5
49,1/3/2011,1,0,1,1,0,1,1,1,0.2,0.1667,0.44,0.4179,0,2,2
50,1/3/2011,1,0,1,4,0,1,1,1,0.16,0.1364,0.47,0.3881,0,1,1
51,1/3/2011,1,0,1,5,0,1,1,1,0.16,0.1364,0.47,0.2836,0,3,3
52,1/3/2011,1,0,1,6,0,1,1,1,0.14,0.1061,0.5,0.3881,0,30,30
53,1/3/2011,1,0,1,7,0,1,1,1,0.14,0.1364,0.5,0.194,1,63,64
54,1/3/2011,1,0,1,8,0,1,1,1,0.14,0.1212,0.5,0.2836,1,153,154
55,1/3/2011,1,0,1,9,0,1,1,1,0.16,0.1364,0.43,0.3881,7,81,88
56,1/3/2011,1,0,1,10,0,1,1,1,0.18,0.1667,0.43,0.2537,11,33,44
57,1/3/2011,1,0,1,11,0,1,1,1,0.2,0.1818,0.4,0.3284,10,41,51
58,1/3/2011,1,0,1,12,0,1,1,1,0.22,0.2121,0.35,0.2985,13,48,61
59,1/3/2011,1,0,1,13,0,1,1,1,0.24,0.2121,0.35,0.2836,8,53,61
60,1/3/2011,1,0,1,14,0,1,1,1,0.26,0.2424,0.3,0.2836,11,66,77
61,1/3/2011,1,0,1,15,0,1,1,1,0.26,0.2424,0.3,0.2537,14,58,72
62,1/3/2011,1,0,1,16,0,1,1,1,0.26,0.2424,0.3,0.2537,9,67,76
63,1/3/2011,1,0,1,17,0,1,1,1,0.24,0.2273,0.3,0.2239,11,146,157
64,1/3/2011,1,0,1,18,0,1,1,1,0.24,0.2576,0.32,0.1045,9,148,157
65,1/3/2011,1,0,1,19,0,1,1,1,0.2,0.2576,0.47,0,8,102,110
66,1/3/2011,1,0,1,20,0,1,1,1,0.2,0.2273,0.47,0.1045,3,49,52
67,1/3/2011,1,0,1,21,0,1,1,1,0.18,0.197,0.64,0.1343,3,49,52
68,1/3/2011,1,0,1,22,0,1,1,1,0.14,0.1515,0.69,0.1343,0,20,20
69,1/3/2011,1,0,1,23,0,1,1,1,0.18,0.2121,0.55,0.1045,1,11,12
70,1/4/2011,1,0,1,0,0,2,1,1,0.16,0.1818,0.55,0.1045,0,5,5
71,1/4/2011,1,0,1,1,0,2,1,1,0.16,0.1818,0.59,0.1045,0,2,2
72,1/4/2011,1,0,1,2,0,2,1,1,0.14,0.1515,0.63,0.1343,0,1,1
73,1/4/2011,1,0,1,4,0,2,1,1,0.14,0.1818,0.63,0.0896,0,2,2
74,1/4/2011,1,0,1,5,0,2,1,1,0.12,0.1515,0.68,0.1045,0,4,4
75,1/4/2011,1,0,1,6,0,2,1,1,0.12,0.1515,0.74,0.1045,0,36,36
76,1/4/2011,1,0,1,7,0,2,1,1,0.12,0.1515,0.74,0.1343,2,92,94
77,1/4/2011,1,0,1,8,0,2,1,1,0.14,0.1515,0.69,0.1642,2,177,179
78,1/4/2011,1,0,1,9,0,2,1,1,0.16,0.1515,0.64,0.2239,2,98,100
79,1/4/2011,1,0,1,10,0,2,1,2,0.16,0.1364,0.69,0.3284,5,37,42
80,1/4/2011,1,0,1,11,0,2,1,1,0.22,0.2121,0.51,0.2985,7,50,57
81,1/4/2011,1,0,1,12,0,2,1,1,0.22,0.2273,0.51,0.1642,12,66,78
82,1/4/2011,1,0,1,13,0,2,1,1,0.24,0.2273,0.56,0.194,18,79,97
83,1/4/2011,1,0,1,14,0,2,1,1,0.26,0.2576,0.52,0.2239,9,54,63
84,1/4/2011,1,0,1,15,0,2,1,1,0.28,0.2727,0.52,0.2537,17,48,65
85,1/4/2011,1,0,1,16,0,2,1,1,0.3,0.2879,0.49,0.2537,15,68,83
86,1/4/2011,1,0,1,17,0,2,1,1,0.28,0.2727,0.48,0.2239,10,202,212
87,1/4/2011,1,0,1,18,0,2,1,1,0.26,0.2576,0.48,0.194,3,179,182
88,1/4/2011,1,0,1,19,0,2,1,1,0.24,0.2576,0.48,0.1045,2,110,112
89,1/4/2011,1,0,1,20,0,2,1,1,0.24,0.2576,0.48,0.1045,1,53,54
90,1/4/2011,1,0,1,21,0,2,1,1,0.22,0.2727,0.64,0,0,48,48
91,1/4/2011,1,0,1,22,0,2,1,1,0.22,0.2576,0.64,0.0896,1,34,35
92,1/4/2011,1,0,1,23,0,2,1,1,0.2,0.2273,0.69,0.0896,2,9,11
93,1/5/2011,1,0,1,0,0,3,1,1,0.2,0.2576,0.64,0,0,6,6
94,1/5/2011,1,0,1,1,0,3,1,1,0.16,0.197,0.74,0.0896,0,6,6
95,1/5/2011,1,0,1,2,0,3,1,1,0.16,0.197,0.74,0.0896,0,2,2
96,1/5/2011,1,0,1,4,0,3,1,1,0.24,0.2273,0.48,0.2239,0,2,2
97,1/5/2011,1,0,1,5,0,3,1,1,0.22,0.2273,0.47,0.1642,0,3,3
98,1/5/2011,1,0,1,6,0,3,1,1,0.2,0.197,0.47,0.2239,0,33,33
99,1/5/2011,1,0,1,7,0,3,1,1,0.18,0.1818,0.43,0.194,1,87,88
100,1/5/2011,1,0,1,8,0,3,1,1,0.2,0.1818,0.4,0.2985,3,192,195
101,1/5/2011,1,0,1,9,0,3,1,1,0.22,0.197,0.37,0.3284,6,109,115
102,1/5/2011,1,0,1,10,0,3,1,1,0.22,0.197,0.37,0.3284,4,53,57
103,1/5/2011,1,0,1,11,0,3,1,1,0.26,0.2273,0.33,0.3284,12,34,46
104,1/5/2011,1,0,1,12,0,3,1,1,0.26,0.2273,0.33,0.3284,5,74,79
105,1/5/2011,1,0,1,13,0,3,1,1,0.28,0.2576,0.3,0.2985,6,65,71
106,1/5/2011,1,0,1,14,0,3,1,1,0.3,0.2879,0.28,0.194,10,52,62
107,1/5/2011,1,0,1,15,0,3,1,1,0.3,0.2879,0.28,0.194,7,55,62
108,1/5/2011,1,0,1,16,0,3,1,1,0.3,0.3182,0.28,0.0896,4,85,89
109,1/5/2011,1,0,1,17,0,3,1,1,0.24,0.2273,0.38,0.194,4,186,190
110,1/5/2011,1,0,1,18,0,3,1,1,0.24,0.2424,0.38,0.1343,3,166,169
111,1/5/2011,1,0,1,19,0,3,1,1,0.24,0.2576,0.38,0.1045,5,127,132
112,1/5/2011,1,0,1,20,0,3,1,1,0.22,0.2273,0.47,0.1642,7,82,89
113,1/5/2011,1,0,1,21,0,3,1,1,0.2,0.197,0.51,0.194,3,40,43
114,1/5/2011,1,0,1,22,0,3,1,1,0.18,0.197,0.55,0.1343,1,41,42
115,1/5/2011,1,0,1,23,0,3,1,1,0.2,0.2576,0.47,0,1,18,19
116,1/6/2011,1,0,1,0,0,4,1,1,0.18,0.2424,0.55,0,0,11,11
117,1/6/2011,1,0,1,1,0,4,1,1,0.16,0.2273,0.64,0,0,4,4
118,1/6/2011,1,0,1,2,0,4,1,1,0.16,0.2273,0.64,0,0,2,2
119,1/6/2011,1,0,1,4,0,4,1,2,0.16,0.197,0.64,0.0896,0,1,1
120,1/6/2011,1,0,1,5,0,4,1,2,0.14,0.1818,0.69,0.0896,0,4,4
121,1/6/2011,1,0,1,6,0,4,1,2,0.14,0.1667,0.63,0.1045,0,36,36
122,1/6/2011,1,0,1,7,0,4,1,2,0.16,0.2273,0.59,0,0,95,95
123,1/6/2011,1,0,1,8,0,4,1,1,0.16,0.2273,0.59,0,3,216,219
124,1/6/2011,1,0,1,9,0,4,1,2,0.18,0.2424,0.51,0,6,116,122
125,1/6/2011,1,0,1,10,0,4,1,1,0.2,0.2576,0.47,0,3,42,45
126,1/6/2011,1,0,1,11,0,4,1,1,0.22,0.2576,0.44,0.0896,2,57,59
127,1/6/2011,1,0,1,12,0,4,1,1,0.26,0.2879,0.35,0,6,78,84
128,1/6/2011,1,0,1,13,0,4,1,1,0.26,0.2727,0.35,0.1045,12,55,67
129,1/6/2011,1,0,1,14,0,4,1,1,0.28,0.2727,0.36,0.1642,11,59,70
130,1/6/2011,1,0,1,15,0,4,1,1,0.28,0.2727,0.36,0,8,54,62
131,1/6/2011,1,0,1,16,0,4,1,1,0.26,0.2576,0.38,0.1642,12,74,86
132,1/6/2011,1,0,1,17,0,4,1,1,0.22,0.2273,0.51,0.1642,9,163,172
133,1/6/2011,1,0,1,18,0,4,1,1,0.22,0.2273,0.51,0.1343,5,158,163
134,1/6/2011,1,0,1,19,0,4,1,1,0.22,0.2576,0.55,0.0896,3,109,112
135,1/6/2011,1,0,1,20,0,4,1,1,0.2,0.2121,0.51,0.1642,3,66,69
136,1/6/2011,1,0,1,21,0,4,1,2,0.22,0.2121,0.55,0.2239,0,48,48
137,1/6/2011,1,0,1,22,0,4,1,2,0.22,0.2121,0.51,0.2836,1,51,52
138,1/6/2011,1,0,1,23,0,4,1,2,0.2,0.197,0.59,0.194,4,19,23
139,1/7/2011,1,0,1,0,0,5,1,2,0.2,0.197,0.64,0.194,4,13,17
140,1/7/2011,1,0,1,1,0,5,1,2,0.2,0.197,0.69,0.2239,2,5,7
141,1/7/2011,1,0,1,2,0,5,1,2,0.2,0.197,0.69,0.2239,0,1,1
142,1/7/2011,1,0,1,4,0,5,1,2,0.2,0.2121,0.69,0.1343,0,1,1
143,1/7/2011,1,0,1,5,0,5,1,3,0.22,0.2727,0.55,0,0,5,5
144,1/7/2011,1,0,1,6,0,5,1,2,0.2,0.2576,0.69,0,8,26,34
145,1/7/2011,1,0,1,7,0,5,1,1,0.2,0.2121,0.69,0.1343,8,76,84
146,1/7/2011,1,0,1,8,0,5,1,1,0.2,0.197,0.51,0.2537,20,190,210
147,1/7/2011,1,0,1,9,0,5,1,1,0.2,0.1818,0.47,0.2985,9,125,134
148,1/7/2011,1,0,1,10,0,5,1,1,0.22,0.197,0.37,0.3284,16,47,63
149,1/7/2011,1,0,1,11,0,5,1,2,0.2,0.197,0.4,0.2239,19,48,67
150,1/7/2011,1,0,1,12,0,5,1,2,0.2,0.197,0.37,0.2537,9,50,59
151,1/7/2011,1,0,1,13,0,5,1,2,0.2,0.1818,0.37,0.2836,9,64,73
152,1/7/2011,1,0,1,14,0,5,1,2,0.2,0.197,0.4,0.2537,7,43,50
153,1/7/2011,1,0,1,15,0,5,1,2,0.2,0.2121,0.37,0.1642,9,63,72
154,1/7/2011,1,0,1,16,0,5,1,2,0.2,0.2121,0.37,0.1642,5,82,87
155,1/7/2011,1,0,1,17,0,5,1,2,0.2,0.2576,0.37,0,9,178,187
156,1/7/2011,1,0,1,18,0,5,1,1,0.2,0.2273,0.4,0.0896,7,116,123
157,1/7/2011,1,0,1,19,0,5,1,1,0.16,0.197,0.55,0.0896,3,92,95
158,1/7/2011,1,0,1,20,0,5,1,1,0.18,0.2121,0.47,0.1045,1,50,51
159,1/7/2011,1,0,1,21,0,5,1,1,0.18,0.197,0.47,0.1343,0,39,39
160,1/7/2011,1,0,1,22,0,5,1,2,0.18,0.197,0.43,0.1642,2,34,36
161,1/7/2011,1,0,1,23,0,5,1,2,0.18,0.197,0.51,0.1642,1,14,15
162,1/8/2011,1,0,1,0,0,6,0,2,0.18,0.197,0.51,0.1642,1,24,25
163,1/8/2011,1,0,1,1,0,6,0,2,0.18,0.2121,0.55,0.0896,1,15,16
164,1/8/2011,1,0,1,2,0,6,0,2,0.18,0.2424,0.55,0,3,13,16
165,1/8/2011,1,0,1,3,0,6,0,3,0.18,0.197,0.55,0.1642,0,7,7
166,1/8/2011,1,0,1,4,0,6,0,3,0.18,0.197,0.55,0.1642,0,1,1
167,1/8/2011,1,0,1,5,0,6,0,2,0.16,0.1667,0.74,0.1642,0,5,5
168,1/8/2011,1,0,1,6,0,6,0,2,0.16,0.1667,0.74,0.1642,0,2,2
169,1/8/2011,1,0,1,7,0,6,0,2,0.16,0.1818,0.74,0.1045,1,8,9
170,1/8/2011,1,0,1,8,0,6,0,3,0.16,0.1818,0.93,0.1045,0,15,15
171,1/8/2011,1,0,1,9,0,6,0,3,0.16,0.1818,0.93,0.1045,0,20,20
172,1/8/2011,1,0,1,10,0,6,0,2,0.18,0.197,0.8,0.1642,5,56,61
173,1/8/2011,1,0,1,11,0,6,0,2,0.2,0.1818,0.69,0.3881,2,60,62
174,1/8/2011,1,0,1,12,0,6,0,2,0.2,0.1818,0.59,0.3582,8,90,98
175,1/8/2011,1,0,1,13,0,6,0,1,0.2,0.1818,0.44,0.3284,7,95,102
176,1/8/2011,1,0,1,14,0,6,0,1,0.2,0.1667,0.32,0.4925,12,83,95
177,1/8/2011,1,0,1,15,0,6,0,1,0.2,0.1667,0.32,0.4478,5,69,74
178,1/8/2011,1,0,1,16,0,6,0,1,0.18,0.1364,0.29,0.4478,8,68,76
179,1/8/2011,1,0,1,17,0,6,0,1,0.16,0.1212,0.37,0.5522,5,64,69
180,1/8/2011,1,0,1,18,0,6,0,1,0.14,0.1212,0.39,0.2985,3,52,55
181,1/8/2011,1,0,1,19,0,6,0,1,0.14,0.1212,0.36,0.2537,4,26,30
182,1/8/2011,1,0,1,20,0,6,0,1,0.12,0.1212,0.36,0.2537,0,28,28
183,1/8/2011,1,0,1,21,0,6,0,1,0.12,0.1061,0.39,0.3582,2,35,37
184,1/8/2011,1,0,1,22,0,6,0,1,0.12,0.1061,0.36,0.3881,1,33,34
185,1/8/2011,1,0,1,23,0,6,0,1,0.1,0.0606,0.39,0.4478,0,22,22
186,1/9/2011,1,0,1,0,0,0,0,1,0.1,0.0758,0.42,0.3881,1,24,25
187,1/9/2011,1,0,1,1,0,0,0,1,0.1,0.0606,0.42,0.4627,0,12,12
188,1/9/2011,1,0,1,2,0,0,0,1,0.1,0.0606,0.46,0.4627,0,11,11
189,1/9/2011,1,0,1,3,0,0,0,1,0.1,0.0758,0.46,0.4179,0,4,4
190,1/9/2011,1,0,1,4,0,0,0,1,0.08,0.0909,0.53,0.194,0,1,1
191,1/9/2011,1,0,1,5,0,0,0,1,0.08,0.0909,0.53,0.194,0,1,1
192,1/9/2011,1,0,1,6,0,0,0,1,0.1,0.0909,0.49,0.2836,0,1,1
193,1/9/2011,1,0,1,7,0,0,0,1,0.08,0.0909,0.53,0.194,1,5,6
194,1/9/2011,1,0,1,8,0,0,0,1,0.1,0.0909,0.49,0.2836,0,10,10
195,1/9/2011,1,0,1,9,0,0,0,1,0.12,0.0758,0.46,0.5224,0,19,19
196,1/9/2011,1,0,1,10,0,0,0,1,0.14,0.1061,0.43,0.3881,0,49,49
197,1/9/2011,1,0,1,11,0,0,0,1,0.16,0.1212,0.4,0.5224,2,47,49
198,1/9/2011,1,0,1,12,0,0,0,1,0.18,0.1364,0.37,0.4478,4,79,83
199,1/9/2011,1,0,1,13,0,0,0,1,0.2,0.1667,0.34,0.4478,6,69,75
200,1/9/2011,1,0,1,14,0,0,0,1,0.22,0.1818,0.32,0.4627,8,64,72
201,1/9/2011,1,0,1,15,0,0,0,1,0.22,0.197,0.35,0.3582,5,77,82
202,1/9/2011,1,0,1,16,0,0,0,1,0.2,0.1667,0.34,0.4478,13,79,92
203,1/9/2011,1,0,1,17,0,0,0,1,0.18,0.1515,0.37,0.3881,3,59,62
204,1/9/2011,1,0,1,18,0,0,0,1,0.16,0.1364,0.4,0.3284,4,44,48
205,1/9/2011,1,0,1,19,0,0,0,1,0.16,0.1364,0.43,0.3284,1,40,41
206,1/9/2011,1,0,1,20,0,0,0,1,0.14,0.1212,0.46,0.2537,0,38,38
207,1/9/2011,1,0,1,21,0,0,0,1,0.14,0.1061,0.46,0.4179,1,19,20
208,1/9/2011,1,0,1,22,0,0,0,1,0.14,0.1212,0.46,0.2985,5,10,15
209,1/9/2011,1,0,1,23,0,0,0,1,0.12,0.1364,0.5,0.194,0,6,6
787,2/5/2011,1,0,2,5,0,6,0,3,0.2,0.2273,1,0.0896,0,9,9
788,2/5/2011,1,0,2,6,0,6,0,3,0.2,0.2576,1,0,0,4,4
789,2/5/2011,1,0,2,7,0,6,0,3,0.22,0.2576,0.93,0.0896,0,4,4
790,2/5/2011,1,0,2,8,0,6,0,3,0.2,0.2273,1,0.0896,0,10,10
791,2/5/2011,1,0,2,9,0,6,0,3,0.2,0.2273,1,0.0896,3,17,20
792,2/5/2011,1,0,2,10,0,6,0,3,0.2,0.2121,1,0.1343,3,31,34
793,2/5/2011,1,0,2,11,0,6,0,3,0.22,0.2273,1,0.1343,1,46,47
794,2/5/2011,1,0,2,12,0,6,0,3,0.22,0.2273,1,0.1642,10,42,52
795,2/5/2011,1,0,2,13,0,6,0,3,0.22,0.2273,1,0.1642,10,62,72
796,2/5/2011,1,0,2,14,0,6,0,3,0.22,0.2727,1,0,5,50,55
797,2/5/2011,1,0,2,15,0,6,0,3,0.22,0.2727,1,0,11,49,60
798,2/5/2011,1,0,2,16,0,6,0,3,0.22,0.2273,1,0.1343,8,63,71
799,2/5/2011,1,0,2,17,0,6,0,2,0.24,0.2121,1,0.2836,14,64,78
800,2/5/2011,1,0,2,18,0,6,0,2,0.28,0.2424,0.93,0.4478,2,81,83
801,2/5/2011,1,0,2,19,0,6,0,2,0.28,0.2424,0.93,0.4478,6,78,84
802,2/5/2011,1,0,2,20,0,6,0,1,0.3,0.2879,0.87,0.2537,5,64,69
803,2/5/2011,1,0,2,21,0,6,0,1,0.26,0.2576,1,0.194,3,53,56
804,2/5/2011,1,0,2,22,0,6,0,1,0.26,0.2727,0.93,0.1343,2,43,45
805,2/5/2011,1,0,2,23,0,6,0,1,0.26,0.2576,0.93,0.2239,7,52,59
806,2/6/2011,1,0,2,0,0,0,0,1,0.26,0.2576,0.7,0.194,2,37,39
807,2/6/2011,1,0,2,1,0,0,0,1,0.26,0.2273,0.65,0.4179,4,40,44
808,2/6/2011,1,0,2,2,0,0,0,1,0.26,0.2273,0.6,0.3284,0,20,20
809,2/6/2011,1,0,2,3,0,0,0,1,0.26,0.2879,0.6,0.0896,3,10,13
810,2/6/2011,1,0,2,4,0,0,0,1,0.26,0.2273,0.6,0.3582,0,2,2
811,2/6/2011,1,0,2,5,0,0,0,1,0.26,0.2576,0.6,0.2239,0,1,1
812,2/6/2011,1,0,2,6,0,0,0,1,0.26,0.2576,0.6,0.2239,0,1,1
813,2/6/2011,1,0,2,7,0,0,0,1,0.24,0.2424,0.65,0.1642,0,8,8
814,2/6/2011,1,0,2,8,0,0,0,1,0.24,0.2576,0.65,0.1045,2,21,23
815,2/6/2011,1,0,2,9,0,0,0,1,0.28,0.2879,0.56,0.1045,7,38,45
816,2/6/2011,1,0,2,10,0,0,0,1,0.3,0.2879,0.52,0.2537,15,74,89
817,2/6/2011,1,0,2,11,0,0,0,1,0.32,0.303,0.49,0.2537,28,89,117
818,2/6/2011,1,0,2,12,0,0,0,1,0.34,0.3333,0.46,0,48,126,174
819,2/6/2011,1,0,2,13,0,0,0,1,0.34,0.3636,0.46,0,47,135,182
820,2/6/2011,1,0,2,14,0,0,0,1,0.34,0.3485,0.46,0.0896,47,114,161
821,2/6/2011,1,0,2,15,0,0,0,1,0.34,0.3485,0.46,0.0896,52,130,182
822,2/6/2011,1,0,2,16,0,0,0,1,0.34,0.3485,0.49,0.1045,42,115,157
823,2/6/2011,1,0,2,17,0,0,0,1,0.34,0.3636,0.46,0,24,97,121
824,2/6/2011,1,0,2,18,0,0,0,1,0.3,0.303,0.56,0.1642,13,65,78
825,2/6/2011,1,0,2,19,0,0,0,1,0.28,0.2879,0.61,0.1343,1,20,21
826,2/6/2011,1,0,2,20,0,0,0,1,0.28,0.2879,0.61,0.1045,5,21,26
827,2/6/2011,1,0,2,21,0,0,0,1,0.26,0.303,0.6,0,5,22,27
828,2/6/2011,1,0,2,22,0,0,0,1,0.26,0.303,0.6,0,5,57,62
829,2/6/2011,1,0,2,23,0,0,0,1,0.24,0.2879,0.65,0,4,26,30
830,2/7/2011,1,0,2,0,0,1,1,1,0.24,0.2879,0.65,0,1,14,15
831,2/7/2011,1,0,2,1,0,1,1,1,0.22,0.2727,0.75,0,1,4,5
832,2/7/2011,1,0,2,2,0,1,1,1,0.2,0.2576,0.8,0,0,3,3
833,2/7/2011,1,0,2,3,0,1,1,1,0.2,0.2576,0.86,0,0,1,1
834,2/7/2011,1,0,2,4,0,1,1,1,0.2,0.2576,0.86,0,1,1,2
835,2/7/2011,1,0,2,5,0,1,1,1,0.2,0.2576,0.86,0,1,9,10
836,2/7/2011,1,0,2,6,0,1,1,1,0.18,0.2424,0.93,0,1,29,30
837,2/7/2011,1,0,2,7,0,1,1,1,0.18,0.2424,0.86,0,6,89,95
838,2/7/2011,1,0,2,8,0,1,1,2,0.16,0.2273,1,0,7,223,230
839,2/7/2011,1,0,2,9,0,1,1,1,0.22,0.2727,0.8,0,3,115,118
840,2/7/2011,1,0,2,10,0,1,1,1,0.24,0.2576,0.75,0.1045,6,49,55
841,2/7/2011,1,0,2,11,0,1,1,1,0.3,0.3182,0.65,0.0896,11,36,47
842,2/7/2011,1,0,2,12,0,1,1,2,0.32,0.3485,0.62,0,7,59,66
843,2/7/2011,1,0,2,13,0,1,1,2,0.36,0.3636,0.57,0.0896,10,54,64
844,2/7/2011,1,0,2,14,0,1,1,2,0.36,0.3636,0.57,0.0896,8,52,60
845,2/7/2011,1,0,2,15,0,1,1,2,0.38,0.3939,0.54,0.0896,4,46,50
846,2/7/2011,1,0,2,16,0,1,1,2,0.36,0.3485,0.57,0.1343,16,98,114
847,2/7/2011,1,0,2,17,0,1,1,2,0.32,0.3182,0.7,0.1642,9,207,216
848,2/7/2011,1,0,2,18,0,1,1,2,0.34,0.3333,0.66,0.1343,5,170,175
849,2/7/2011,1,0,2,19,0,1,1,2,0.32,0.3485,0.7,0,5,123,128
850,2/7/2011,1,0,2,20,0,1,1,2,0.32,0.3333,0.7,0.1045,6,82,88
851,2/7/2011,1,0,2,21,0,1,1,1,0.32,0.3485,0.7,0,3,75,78
852,2/7/2011,1,0,2,22,0,1,1,1,0.28,0.303,0.81,0.0896,3,34,37
853,2/7/2011,1,0,2,23,0,1,1,2,0.3,0.3333,0.81,0,6,19,25
854,2/8/2011,1,0,2,0,0,2,1,2,0.28,0.3182,0.87,0,4,6,10
855,2/8/2011,1,0,2,1,0,2,1,2,0.28,0.3182,0.87,0,0,4,4
856,2/8/2011,1,0,2,2,0,2,1,2,0.26,0.2727,0.93,0.1045,1,1,2
857,2/8/2011,1,0,2,3,0,2,1,3,0.28,0.2727,0.93,0.1642,0,1,1
858,2/8/2011,1,0,2,4,0,2,1,1,0.26,0.2576,0.93,0.1642,0,3,3
859,2/8/2011,1,0,2,5,0,2,1,1,0.26,0.2273,0.81,0.3284,0,2,2
860,2/8/2011,1,0,2,6,0,2,1,1,0.26,0.2273,0.7,0.3284,0,39,39
861,2/8/2011,1,0,2,7,0,2,1,1,0.24,0.197,0.65,0.4179,3,97,100
862,2/8/2011,1,0,2,8,0,2,1,1,0.24,0.197,0.56,0.4925,7,236,243
863,2/8/2011,1,0,2,9,0,2,1,1,0.24,0.197,0.52,0.4925,7,128,135
864,2/8/2011,1,0,2,10,0,2,1,1,0.22,0.1818,0.47,0.5522,4,44,48
865,2/8/2011,1,0,2,11,0,2,1,1,0.22,0.1818,0.47,0.4627,1,49,50
866,2/8/2011,1,0,2,12,0,2,1,1,0.24,0.197,0.38,0.4925,2,63,65
867,2/8/2011,1,0,2,13,0,2,1,2,0.24,0.197,0.32,0.4478,2,48,50
868,2/8/2011,1,0,2,14,0,2,1,1,0.22,0.197,0.37,0.4179,3,61,64
869,2/8/2011,1,0,2,15,0,2,1,1,0.22,0.197,0.35,0.3881,6,45,51
870,2/8/2011,1,0,2,16,0,2,1,1,0.22,0.1818,0.35,0.5224,4,79,83
871,2/8/2011,1,0,2,17,0,2,1,1,0.22,0.1818,0.32,0.5821,4,172,176
872,2/8/2011,1,0,2,18,0,2,1,1,0.2,0.1818,0.32,0.3881,1,151,152
873,2/8/2011,1,0,2,19,0,2,1,1,0.16,0.1212,0.4,0.4627,1,100,101
874,2/8/2011,1,0,2,20,0,2,1,1,0.16,0.1364,0.4,0.3284,3,53,56
875,2/8/2011,1,0,2,21,0,2,1,1,0.14,0.1061,0.33,0.4627,8,46,54
876,2/8/2011,1,0,2,22,0,2,1,1,0.12,0.1061,0.33,0.3582,0,29,29
877,2/8/2011,1,0,2,23,0,2,1,1,0.12,0.1061,0.33,0.3284,3,9,12
878,2/9/2011,1,0,2,0,0,3,1,1,0.1,0.0758,0.36,0.3582,0,17,17
879,2/9/2011,1,0,2,1,0,3,1,1,0.1,0.1061,0.36,0.2239,0,7,7
880,2/9/2011,1,0,2,2,0,3,1,1,0.08,0.0758,0.38,0.2836,1,2,3
881,2/9/2011,1,0,2,3,0,3,1,1,0.06,0.0758,0.45,0.1343,0,2,2
882,2/9/2011,1,0,2,5,0,3,1,1,0.06,0.1061,0.45,0.1045,0,7,7
883,2/9/2011,1,0,2,6,0,3,1,1,0.06,0.1515,0.45,0,0,43,43
884,2/9/2011,1,0,2,7,0,3,1,1,0.06,0.1061,0.49,0.1045,4,95,99
885,2/9/2011,1,0,2,8,0,3,1,1,0.1,0.1364,0.42,0,1,198,199
886,2/9/2011,1,0,2,9,0,3,1,1,0.12,0.1364,0.39,0.1642,4,119,123
887,2/9/2011,1,0,2,10,0,3,1,1,0.14,0.1818,0.36,0,8,51,59
888,2/9/2011,1,0,2,11,0,3,1,2,0.14,0.1515,0.43,0.1642,1,40,41
889,2/9/2011,1,0,2,12,0,3,1,2,0.18,0.1818,0.4,0.2239,4,57,61
890,2/9/2011,1,0,2,13,0,3,1,1,0.18,0.1667,0.4,0.2537,2,67,69
891,2/9/2011,1,0,2,14,0,3,1,1,0.2,0.1818,0.34,0.2985,2,56,58
892,2/9/2011,1,0,2,15,0,3,1,2,0.2,0.1818,0.34,0.2836,3,61,64
893,2/9/2011,1,0,2,16,0,3,1,2,0.2,0.197,0.37,0.2537,7,72,79
894,2/9/2011,1,0,2,17,0,3,1,2,0.2,0.197,0.34,0.2537,9,157,166
895,2/9/2011,1,0,2,18,0,3,1,2,0.18,0.1667,0.47,0.2985,2,168,170
896,2/9/2011,1,0,2,19,0,3,1,3,0.14,0.1212,0.86,0.2537,1,87,88
897,2/9/2011,1,0,2,20,0,3,1,3,0.14,0.1515,0.86,0.1642,0,84,84
898,2/9/2011,1,0,2,21,0,3,1,2,0.14,0.1515,0.86,0.1642,0,83,83
899,2/9/2011,1,0,2,22,0,3,1,3,0.16,0.1667,0.8,0.1642,4,42,46
900,2/9/2011,1,0,2,23,0,3,1,3,0.16,0.1515,0.8,0.194,0,37,37
1338,3/1/2011,1,0,3,0,0,2,1,1,0.3,0.2727,0.7,0.4627,0,7,7
1339,3/1/2011,1,0,3,1,0,2,1,1,0.26,0.2273,0.7,0.3582,0,3,3
1340,3/1/2011,1,0,3,2,0,2,1,1,0.24,0.2121,0.65,0.3881,0,4,4
1341,3/1/2011,1,0,3,3,0,2,1,1,0.22,0.2121,0.69,0.2836,0,2,2
1342,3/1/2011,1,0,3,4,0,2,1,1,0.22,0.2121,0.69,0.2537,0,1,1
1343,3/1/2011,1,0,3,5,0,2,1,1,0.2,0.1818,0.64,0.2836,1,1,2
1344,3/1/2011,1,0,3,6,0,2,1,1,0.2,0.1818,0.59,0.2985,0,46,46
1345,3/1/2011,1,0,3,7,0,2,1,1,0.2,0.1818,0.59,0.3284,2,105,107
1346,3/1/2011,1,0,3,8,0,2,1,1,0.2,0.1818,0.59,0.3881,10,204,214
1347,3/1/2011,1,0,3,9,0,2,1,1,0.22,0.197,0.55,0.4179,8,116,124
1348,3/1/2011,1,0,3,10,0,2,1,1,0.24,0.2121,0.52,0.2836,13,55,68
1349,3/1/2011,1,0,3,11,0,2,1,1,0.28,0.2727,0.45,0.2537,8,48,56
1350,3/1/2011,1,0,3,12,0,2,1,1,0.3,0.303,0.39,0.1343,6,80,86
1351,3/1/2011,1,0,3,13,0,2,1,1,0.32,0.3485,0.39,0,13,65,78
1352,3/1/2011,1,0,3,14,0,2,1,1,0.32,0.3333,0.36,0.1343,18,61,79
1353,3/1/2011,1,0,3,15,0,2,1,1,0.34,0.3636,0.34,0,7,57,64
1354,3/1/2011,1,0,3,16,0,2,1,1,0.34,0.3485,0.34,0.0896,10,92,102
1355,3/1/2011,1,0,3,17,0,2,1,1,0.34,0.3485,0.34,0.0896,12,230,242
1356,3/1/2011,1,0,3,18,0,2,1,1,0.32,0.3182,0.39,0.194,10,214,224
1357,3/1/2011,1,0,3,19,0,2,1,1,0.3,0.303,0.49,0.1343,4,115,119
1358,3/1/2011,1,0,3,20,0,2,1,1,0.3,0.3182,0.61,0.0896,2,86,88
1359,3/1/2011,1,0,3,21,0,2,1,1,0.26,0.303,0.56,0,8,55,63
1360,3/1/2011,1,0,3,22,0,2,1,1,0.24,0.2727,0.62,0.1045,3,44,47
1361,3/1/2011,1,0,3,23,0,2,1,1,0.24,0.2273,0.65,0.2239,2,23,25
1362,3/2/2011,1,0,3,0,0,3,1,1,0.22,0.2273,0.69,0.1642,3,5,8
1363,3/2/2011,1,0,3,1,0,3,1,1,0.22,0.2273,0.69,0.194,0,4,4
1364,3/2/2011,1,0,3,2,0,3,1,1,0.22,0.2273,0.69,0.194,0,2,2
1365,3/2/2011,1,0,3,3,0,3,1,1,0.22,0.2121,0.69,0.2836,3,1,4
1366,3/2/2011,1,0,3,4,0,3,1,1,0.2,0.2121,0.75,0.1343,1,0,1
1367,3/2/2011,1,0,3,5,0,3,1,1,0.22,0.2121,0.69,0.2239,0,5,5
1368,3/2/2011,1,0,3,6,0,3,1,1,0.22,0.2121,0.55,0.2537,1,39,40
1369,3/2/2011,1,0,3,7,0,3,1,1,0.22,0.2121,0.64,0.2537,2,108,110
1370,3/2/2011,1,0,3,8,0,3,1,1,0.24,0.2121,0.65,0.2836,13,243,256
1371,3/2/2011,1,0,3,9,0,3,1,1,0.28,0.2576,0.56,0.2985,7,141,148
1372,3/2/2011,1,0,3,10,0,3,1,1,0.32,0.303,0.49,0.2836,11,65,76
1373,3/2/2011,1,0,3,11,0,3,1,1,0.34,0.303,0.53,0.3284,8,65,73
1374,3/2/2011,1,0,3,12,0,3,1,1,0.4,0.4091,0.43,0.194,20,62,82
1375,3/2/2011,1,0,3,13,0,3,1,1,0.5,0.4848,0.25,0,35,90,125
1376,3/2/2011,1,0,3,14,0,3,1,1,0.52,0.5,0.23,0.2985,21,75,96
1377,3/2/2011,1,0,3,15,0,3,1,1,0.54,0.5152,0.19,0.4179,19,91,110
1378,3/2/2011,1,0,3,16,0,3,1,1,0.54,0.5152,0.19,0.3284,27,112,139
1379,3/2/2011,1,0,3,17,0,3,1,1,0.5,0.4848,0.23,0.2836,30,238,268
1380,3/2/2011,1,0,3,18,0,3,1,1,0.46,0.4545,0.23,0.4925,8,193,201
1381,3/2/2011,1,0,3,19,0,3,1,1,0.4,0.4091,0.28,0.5224,6,144,150
1382,3/2/2011,1,0,3,20,0,3,1,1,0.36,0.3333,0.29,0.4179,9,86,95
1383,3/2/2011,1,0,3,21,0,3,1,1,0.34,0.2879,0.29,0.4627,3,68,71
1384,3/2/2011,1,0,3,22,0,3,1,1,0.3,0.2576,0.26,0.5522,4,44,48
1385,3/2/2011,1,0,3,23,0,3,1,1,0.26,0.2121,0.3,0.5224,0,22,22
1386,3/3/2011,1,0,3,0,0,4,1,1,0.24,0.197,0.3,0.4627,3,10,13
1387,3/3/2011,1,0,3,1,0,4,1,1,0.24,0.197,0.3,0.4627,0,1,1
1388,3/3/2011,1,0,3,2,0,4,1,1,0.2,0.1667,0.27,0.4627,1,2,3
1389,3/3/2011,1,0,3,3,0,4,1,1,0.2,0.1667,0.27,0.4627,0,1,1
1390,3/3/2011,1,0,3,4,0,4,1,1,0.16,0.1212,0.31,0.4925,0,1,1
1391,3/3/2011,1,0,3,5,0,4,1,1,0.14,0.1212,0.33,0.2985,1,7,8
1392,3/3/2011,1,0,3,6,0,4,1,1,0.14,0.1212,0.33,0.2985,1,34,35
1393,3/3/2011,1,0,3,7,0,4,1,1,0.12,0.0909,0.42,0.4179,1,110,111
1394,3/3/2011,1,0,3,8,0,4,1,1,0.14,0.1212,0.39,0.2985,4,216,220
1395,3/3/2011,1,0,3,9,0,4,1,1,0.16,0.1364,0.37,0.2836,10,135,145
1396,3/3/2011,1,0,3,10,0,4,1,1,0.18,0.1818,0.29,0.194,7,49,56
1397,3/3/2011,1,0,3,11,0,4,1,1,0.2,0.2273,0.29,0.0896,10,40,50
1398,3/3/2011,1,0,3,12,0,4,1,1,0.22,0.2273,0.25,0.1343,7,65,72
1399,3/3/2011,1,0,3,13,0,4,1,1,0.22,0.2576,0.25,0.0896,13,67,80
1400,3/3/2011,1,0,3,14,0,4,1,1,0.24,0.2576,0.21,0.1045,18,60,78
1401,3/3/2011,1,0,3,15,0,4,1,1,0.24,0.2879,0.23,0,6,62,68
1402,3/3/2011,1,0,3,16,0,4,1,1,0.26,0.303,0.23,0,6,65,71
1403,3/3/2011,1,0,3,17,0,4,1,1,0.26,0.303,0.22,0,17,185,202
1404,3/3/2011,1,0,3,18,0,4,1,1,0.24,0.2121,0.35,0.3284,6,161,167
1405,3/3/2011,1,0,3,19,0,4,1,1,0.2,0.197,0.4,0.2537,5,101,106
1406,3/3/2011,1,0,3,20,0,4,1,1,0.2,0.2273,0.4,0.0896,1,69,70
1407,3/3/2011,1,0,3,21,0,4,1,1,0.18,0.2121,0.4,0.1045,3,48,51
1408,3/3/2011,1,0,3,22,0,4,1,1,0.2,0.2576,0.4,0,3,50,53
1409,3/3/2011,1,0,3,23,0,4,1,2,0.18,0.2121,0.43,0.0896,0,23,23
1410,3/4/2011,1,0,3,0,0,5,1,2,0.2,0.197,0.55,0.194,0,12,12
1411,3/4/2011,1,0,3,1,0,5,1,2,0.18,0.1818,0.64,0.194,0,4,4
1412,3/4/2011,1,0,3,2,0,5,1,2,0.18,0.1818,0.64,0.194,0,2,2
1413,3/4/2011,1,0,3,3,0,5,1,2,0.18,0.1667,0.74,0.2537,0,1,1
1414,3/4/2011,1,0,3,4,0,5,1,2,0.18,0.1818,0.74,0.194,1,0,1
1415,3/4/2011,1,0,3,5,0,5,1,2,0.16,0.1818,0.74,0.1343,0,7,7
1416,3/4/2011,1,0,3,6,0,5,1,2,0.16,0.197,0.74,0.0896,1,28,29
1417,3/4/2011,1,0,3,7,0,5,1,1,0.16,0.1818,0.8,0.1343,0,83,83
1418,3/4/2011,1,0,3,8,0,5,1,1,0.18,0.197,0.74,0.1343,6,222,228
1419,3/4/2011,1,0,3,9,0,5,1,1,0.22,0.2273,0.6,0.1343,12,138,150
1420,3/4/2011,1,0,3,10,0,5,1,1,0.24,0.2273,0.6,0.2537,10,56,66
1421,3/4/2011,1,0,3,11,0,5,1,1,0.28,0.2727,0.52,0.2239,16,73,89
1422,3/4/2011,1,0,3,12,0,5,1,1,0.32,0.303,0.43,0.1642,10,87,97
1423,3/4/2011,1,0,3,13,0,5,1,1,0.34,0.3182,0.42,0.2239,13,74,87
1424,3/4/2011,1,0,3,14,0,5,1,1,0.36,0.3333,0.4,0.2836,30,65,95
1425,3/4/2011,1,0,3,15,0,5,1,1,0.36,0.3333,0.4,0.2985,31,75,106
1426,3/4/2011,1,0,3,16,0,5,1,1,0.36,0.3485,0.46,0.194,17,101,118
1427,3/4/2011,1,0,3,17,0,5,1,2,0.36,0.3333,0.5,0.2537,22,206,228
1428,3/4/2011,1,0,3,18,0,5,1,2,0.34,0.303,0.53,0.2985,15,172,187
1429,3/4/2011,1,0,3,19,0,5,1,1,0.32,0.303,0.61,0.2537,5,102,107
1430,3/4/2011,1,0,3,20,0,5,1,2,0.3,0.2879,0.7,0.194,9,78,87
1431,3/4/2011,1,0,3,21,0,5,1,2,0.3,0.2879,0.7,0.2239,6,64,70
1432,3/4/2011,1,0,3,22,0,5,1,1,0.3,0.2879,0.7,0.194,4,40,44
1433,3/4/2011,1,0,3,23,0,5,1,2,0.3,0.303,0.75,0.1642,6,40,46
1434,3/5/2011,1,0,3,0,0,6,0,2,0.28,0.2879,0.81,0.1045,4,15,19
1435,3/5/2011,1,0,3,1,0,6,0,2,0.3,0.3182,0.81,0.1045,5,20,25
1436,3/5/2011,1,0,3,2,0,6,0,2,0.3,0.2879,0.87,0.194,5,15,20
1437,3/5/2011,1,0,3,3,0,6,0,2,0.3,0.2879,0.87,0.194,0,2,2
1438,3/5/2011,1,0,3,4,0,6,0,2,0.3,0.303,0.93,0.1642,0,1,1
1439,3/5/2011,1,0,3,5,0,6,0,2,0.3,0.303,1,0.1343,0,3,3
1440,3/5/2011,1,0,3,6,0,6,0,2,0.3,0.2879,1,0.2239,1,3,4
1441,3/5/2011,1,0,3,7,0,6,0,2,0.3,0.2727,1,0.2985,5,10,15
1442,3/5/2011,1,0,3,8,0,6,0,2,0.3,0.2727,1,0.2985,11,34,45
1443,3/5/2011,1,0,3,9,0,6,0,2,0.32,0.303,0.93,0.2239,15,48,63
1444,3/5/2011,1,0,3,10,0,6,0,2,0.34,0.3333,0.93,0.194,34,69,103
1445,3/5/2011,1,0,3,11,0,6,0,2,0.4,0.4091,0.76,0.2239,43,116,159
1446,3/5/2011,1,0,3,12,0,6,0,2,0.44,0.4394,0.67,0.2537,46,121,167
1447,3/5/2011,1,0,3,13,0,6,0,2,0.46,0.4545,0.67,0.2836,60,130,190
1448,3/5/2011,1,0,3,14,0,6,0,2,0.48,0.4697,0.59,0.2836,80,118,198
1449,3/5/2011,1,0,3,15,0,6,0,2,0.46,0.4545,0.63,0.2985,83,122,205
1450,3/5/2011,1,0,3,16,0,6,0,2,0.48,0.4697,0.59,0.2985,74,130,204
1451,3/5/2011,1,0,3,17,0,6,0,2,0.48,0.4697,0.59,0.3582,60,104,164
1452,3/5/2011,1,0,3,18,0,6,0,2,0.48,0.4697,0.59,0.3284,37,115,152
1453,3/5/2011,1,0,3,19,0,6,0,2,0.46,0.4545,0.67,0.3284,27,62,89
1454,3/5/2011,1,0,3,20,0,6,0,2,0.44,0.4394,0.77,0.3284,12,58,70
1455,3/5/2011,1,0,3,21,0,6,0,2,0.44,0.4394,0.72,0.3284,12,60,72
1456,3/5/2011,1,0,3,22,0,6,0,2,0.42,0.4242,0.77,0.2985,16,47,63
1457,3/5/2011,1,0,3,23,0,6,0,2,0.44,0.4394,0.77,0.2985,10,34,44
1458,3/6/2011,1,0,3,0,0,0,0,2,0.42,0.4242,0.77,0.3582,11,41,52
1459,3/6/2011,1,0,3,1,0,0,0,2,0.42,0.4242,0.77,0.2836,12,27,39
1460,3/6/2011,1,0,3,2,0,0,0,2,0.4,0.4091,0.82,0.2836,5,27,32
1461,3/6/2011,1,0,3,3,0,0,0,2,0.42,0.4242,0.82,0.2985,2,9,11
1462,3/6/2011,1,0,3,4,0,0,0,2,0.42,0.4242,0.88,0.3582,0,3,3
1463,3/6/2011,1,0,3,6,0,0,0,2,0.42,0.4242,0.94,0.3582,1,1,2
1464,3/6/2011,1,0,3,7,0,0,0,3,0.42,0.4242,1,0.4478,0,5,5
1465,3/6/2011,1,0,3,8,0,0,0,2,0.4,0.4091,1,0.2985,1,8,9
1466,3/6/2011,1,0,3,9,0,0,0,2,0.42,0.4242,1,0.2836,4,18,22
1467,3/6/2011,1,0,3,10,0,0,0,2,0.42,0.4242,1,0.2985,4,27,31
1468,3/6/2011,1,0,3,11,0,0,0,2,0.42,0.4242,1,0.2239,18,44,62
1469,3/6/2011,1,0,3,12,0,0,0,2,0.46,0.4545,0.94,0.3284,10,69,79
1470,3/6/2011,1,0,3,13,0,0,0,2,0.46,0.4545,0.94,0.3582,22,83,105
1471,3/6/2011,1,0,3,14,0,0,0,3,0.44,0.4394,1,0.2239,12,27,39
1472,3/6/2011,1,0,3,15,0,0,0,3,0.44,0.4394,1,0.2239,3,4,7
1473,3/6/2011,1,0,3,16,0,0,0,3,0.36,0.3333,1,0.2836,3,8,11
1474,3/6/2011,1,0,3,17,0,0,0,3,0.34,0.303,1,0.2985,2,23,25
1475,3/6/2011,1,0,3,18,0,0,0,3,0.32,0.2879,1,0.3582,0,23,23
1476,3/6/2011,1,0,3,19,0,0,0,3,0.3,0.2576,1,0.4925,0,11,11
1477,3/6/2011,1,0,3,20,0,0,0,3,0.28,0.2424,1,0.4179,3,8,11
1478,3/6/2011,1,0,3,21,0,0,0,3,0.24,0.1818,0.93,0.6119,1,6,7
1479,3/6/2011,1,0,3,22,0,0,0,2,0.22,0.197,1,0.3881,0,10,10
1480,3/6/2011,1,0,3,23,0,0,0,2,0.22,0.197,1,0.4179,0,9,9
1481,3/7/2011,1,0,3,0,0,1,1,3,0.2,0.1818,1,0.3284,0,4,4
1482,3/7/2011,1,0,3,1,0,1,1,3,0.2,0.1818,1,0.3284,0,2,2
1483,3/7/2011,1,0,3,3,0,1,1,1,0.2,0.1515,0.8,0.5821,0,1,1
1484,3/7/2011,1,0,3,4,0,1,1,1,0.2,0.1515,0.8,0.5224,1,0,1
1485,3/7/2011,1,0,3,5,0,1,1,1,0.2,0.1818,0.75,0.3582,0,1,1
1486,3/7/2011,1,0,3,6,0,1,1,1,0.2,0.1818,0.75,0.3881,3,31,34
1487,3/7/2011,1,0,3,7,0,1,1,1,0.2,0.1667,0.75,0.4179,3,88,91
1488,3/7/2011,1,0,3,8,0,1,1,1,0.2,0.1818,0.75,0.3881,11,200,211
1489,3/7/2011,1,0,3,9,0,1,1,1,0.22,0.1818,0.64,0.4627,5,129,134
1490,3/7/2011,1,0,3,10,0,1,1,1,0.24,0.2121,0.6,0.2985,15,43,58
1491,3/7/2011,1,0,3,11,0,1,1,1,0.26,0.2121,0.48,0.4478,19,41,60
1492,3/7/2011,1,0,3,12,0,1,1,1,0.3,0.2727,0.42,0.4179,28,68,96
1493,3/7/2011,1,0,3,13,0,1,1,1,0.32,0.2879,0.36,0.3881,16,54,70
1494,3/7/2011,1,0,3,14,0,1,1,1,0.32,0.2879,0.36,0.4179,21,56,77
1495,3/7/2011,1,0,3,15,0,1,1,1,0.34,0.303,0.31,0.3881,32,64,96
1496,3/7/2011,1,0,3,16,0,1,1,1,0.34,0.303,0.31,0.3582,26,96,122
1497,3/7/2011,1,0,3,17,0,1,1,1,0.34,0.303,0.29,0.3582,27,206,233
1498,3/7/2011,1,0,3,18,0,1,1,1,0.32,0.303,0.31,0.2239,19,214,233
1499,3/7/2011,1,0,3,19,0,1,1,1,0.3,0.2879,0.33,0.2239,11,134,145
1500,3/7/2011,1,0,3,20,0,1,1,1,0.3,0.303,0.33,0.1642,5,87,92
1501,3/7/2011,1,0,3,21,0,1,1,1,0.28,0.2727,0.38,0.2239,1,53,54
1502,3/7/2011,1,0,3,22,0,1,1,1,0.26,0.2576,0.48,0.1642,1,34,35
1503,3/7/2011,1,0,3,23,0,1,1,1,0.28,0.3182,0.48,0,0,22,22
1504,3/8/2011,1,0,3,0,0,2,1,1,0.26,0.2879,0.48,0.0896,1,9,10
1505,3/8/2011,1,0,3,1,0,2,1,1,0.24,0.2424,0.52,0.1343,0,4,4
1506,3/8/2011,1,0,3,2,0,2,1,1,0.24,0.2424,0.52,0.1343,1,0,1
1507,3/8/2011,1,0,3,3,0,2,1,1,0.24,0.2576,0.52,0.0896,5,2,7
1508,3/8/2011,1,0,3,4,0,2,1,1,0.22,0.2727,0.64,0,0,2,2
1509,3/8/2011,1,0,3,5,0,2,1,1,0.2,0.2273,0.69,0.1045,2,8,10
1510,3/8/2011,1,0,3,6,0,2,1,1,0.2,0.2576,0.59,0,3,42,45
1511,3/8/2011,1,0,3,7,0,2,1,1,0.18,0.197,0.64,0.1343,9,119,128
1512,3/8/2011,1,0,3,8,0,2,1,1,0.22,0.2273,0.55,0.194,10,247,257
1513,3/8/2011,1,0,3,9,0,2,1,1,0.26,0.2576,0.41,0.1642,11,140,151
1514,3/8/2011,1,0,3,10,0,2,1,2,0.3,0.2879,0.33,0.194,25,46,71
1515,3/8/2011,1,0,3,11,0,2,1,2,0.36,0.3485,0.25,0.1642,26,52,78
1516,3/8/2011,1,0,3,12,0,2,1,2,0.36,0.3788,0.23,0,29,70,99
1517,3/8/2011,1,0,3,13,0,2,1,2,0.38,0.3939,0.25,0.1045,25,73,98
1518,3/8/2011,1,0,3,14,0,2,1,2,0.38,0.3939,0.2,0,16,56,72
1519,3/8/2011,1,0,3,15,0,2,1,2,0.36,0.3788,0.18,0,35,77,112
1520,3/8/2011,1,0,3,16,0,2,1,1,0.38,0.3939,0.27,0.1642,26,82,108
1521,3/8/2011,1,0,3,17,0,2,1,1,0.36,0.3485,0.27,0.2239,39,209,248
1522,3/8/2011,1,0,3,18,0,2,1,1,0.34,0.3333,0.27,0.194,21,214,235
1523,3/8/2011,1,0,3,19,0,2,1,1,0.34,0.3485,0.31,0.1045,9,141,150
1524,3/8/2011,1,0,3,20,0,2,1,1,0.32,0.3333,0.39,0.0896,2,74,76
1525,3/8/2011,1,0,3,21,0,2,1,1,0.3,0.2879,0.49,0.194,7,68,75
1526,3/8/2011,1,0,3,22,0,2,1,1,0.3,0.2879,0.49,0.2239,11,44,55
1527,3/8/2011,1,0,3,23,0,2,1,1,0.28,0.2727,0.61,0.194,3,38,41
1528,3/9/2011,1,0,3,0,0,3,1,1,0.26,0.2879,0.65,0.0896,0,9,9
1529,3/9/2011,1,0,3,1,0,3,1,1,0.26,0.2727,0.52,0.1343,0,4,4
1530,3/9/2011,1,0,3,2,0,3,1,1,0.26,0.2727,0.52,0.1343,1,1,2
1531,3/9/2011,1,0,3,3,0,3,1,1,0.24,0.2576,0.7,0.0896,1,2,3
1532,3/9/2011,1,0,3,4,0,3,1,1,0.24,0.2576,0.75,0.1045,0,2,2
1533,3/9/2011,1,0,3,5,0,3,1,2,0.24,0.2424,0.81,0.1343,1,7,8
1534,3/9/2011,1,0,3,6,0,3,1,2,0.24,0.2576,0.85,0.1045,5,44,49
1535,3/9/2011,1,0,3,7,0,3,1,2,0.24,0.2424,0.87,0.1642,18,123,141
1536,3/9/2011,1,0,3,8,0,3,1,2,0.24,0.2424,0.87,0.1343,11,238,249
1537,3/9/2011,1,0,3,9,0,3,1,2,0.26,0.2424,0.87,0.2537,5,136,141
1538,3/9/2011,1,0,3,10,0,3,1,2,0.3,0.2879,0.75,0.2537,8,49,57
1539,3/9/2011,1,0,3,11,0,3,1,2,0.32,0.2879,0.76,0.3881,15,44,59
1540,3/9/2011,1,0,3,12,0,3,1,2,0.32,0.303,0.76,0.2537,14,84,98
1541,3/9/2011,1,0,3,13,0,3,1,2,0.32,0.2879,0.76,0.3582,17,82,99
1542,3/9/2011,1,0,3,14,0,3,1,2,0.34,0.303,0.76,0.2985,10,61,71
1543,3/9/2011,1,0,3,15,0,3,1,2,0.36,0.3333,0.71,0.2985,15,64,79
1544,3/9/2011,1,0,3,16,0,3,1,2,0.34,0.303,0.76,0.3284,10,102,112
1545,3/9/2011,1,0,3,17,0,3,1,2,0.34,0.303,0.76,0.2985,18,176,194
1546,3/9/2011,1,0,3,18,0,3,1,2,0.34,0.3182,0.76,0.2537,12,176,188
1547,3/9/2011,1,0,3,19,0,3,1,2,0.34,0.303,0.76,0.3284,11,123,134
1548,3/9/2011,1,0,3,20,0,3,1,2,0.32,0.3182,0.87,0.194,4,87,91
1549,3/9/2011,1,0,3,21,0,3,1,2,0.32,0.303,0.93,0.3284,10,52,62
1550,3/9/2011,1,0,3,22,0,3,1,3,0.32,0.3182,0.93,0.1642,4,17,21
2185,4/5/2011,2,0,4,21,0,2,1,1,0.34,0.2879,0.46,0.5224,8,81,89
2186,4/5/2011,2,0,4,22,0,2,1,1,0.32,0.303,0.49,0.2985,3,43,46
2187,4/5/2011,2,0,4,23,0,2,1,1,0.3,0.2879,0.49,0.2836,3,23,26
2188,4/6/2011,2,0,4,0,0,3,1,1,0.3,0.3182,0.49,0.1045,0,15,15
2189,4/6/2011,2,0,4,1,0,3,1,1,0.26,0.2727,0.6,0.1343,0,2,2
2190,4/6/2011,2,0,4,2,0,3,1,1,0.24,0.2424,0.7,0.1343,0,5,5
2191,4/6/2011,2,0,4,3,0,3,1,1,0.26,0.2727,0.6,0.1343,0,4,4
2192,4/6/2011,2,0,4,4,0,3,1,1,0.24,0.2424,0.65,0.1343,0,1,1
2193,4/6/2011,2,0,4,5,0,3,1,1,0.24,0.2576,0.7,0.1045,1,12,13
2194,4/6/2011,2,0,4,6,0,3,1,1,0.24,0.2576,0.7,0.1045,4,52,56
2195,4/6/2011,2,0,4,7,0,3,1,1,0.26,0.2727,0.65,0.1045,3,130,133
2196,4/6/2011,2,0,4,8,0,3,1,1,0.32,0.303,0.61,0.2239,17,308,325
2197,4/6/2011,2,0,4,9,0,3,1,1,0.36,0.3333,0.46,0.2537,8,157,165
2198,4/6/2011,2,0,4,10,0,3,1,1,0.4,0.4091,0.37,0.3881,21,48,69
2199,4/6/2011,2,0,4,11,0,3,1,1,0.42,0.4242,0.38,0.3881,23,70,93
2200,4/6/2011,2,0,4,12,0,3,1,1,0.44,0.4394,0.41,0.2537,22,112,134
2201,4/6/2011,2,0,4,13,0,3,1,1,0.46,0.4545,0.38,0.4925,29,83,112
2202,4/6/2011,2,0,4,14,0,3,1,1,0.5,0.4848,0.34,0.4179,35,80,115
2203,4/6/2011,2,0,4,15,0,3,1,1,0.52,0.5,0.32,0.3284,34,83,117
2204,4/6/2011,2,0,4,16,0,3,1,1,0.54,0.5152,0.28,0.4179,27,142,169
2205,4/6/2011,2,0,4,17,0,3,1,1,0.52,0.5,0.32,0.4478,53,303,356
2206,4/6/2011,2,0,4,18,0,3,1,1,0.52,0.5,0.29,0.3582,43,282,325
2207,4/6/2011,2,0,4,19,0,3,1,1,0.5,0.4848,0.31,0.2985,36,196,232
2208,4/6/2011,2,0,4,20,0,3,1,1,0.46,0.4545,0.51,0.2239,15,126,141
2209,4/6/2011,2,0,4,21,0,3,1,1,0.46,0.4545,0.41,0.2836,18,84,102
2210,4/6/2011,2,0,4,22,0,3,1,1,0.46,0.4545,0.41,0.2836,13,71,84
2211,4/6/2011,2,0,4,23,0,3,1,1,0.46,0.4545,0.41,0.2985,11,29,40
2212,4/7/2011,2,0,4,0,0,4,1,1,0.46,0.4545,0.41,0.2836,5,15,20
2213,4/7/2011,2,0,4,1,0,4,1,1,0.42,0.4242,0.47,0.1343,2,11,13
2214,4/7/2011,2,0,4,2,0,4,1,1,0.42,0.4242,0.54,0,0,7,7
2215,4/7/2011,2,0,4,3,0,4,1,1,0.36,0.3485,0.66,0.194,0,3,3
2216,4/7/2011,2,0,4,4,0,4,1,1,0.34,0.3333,0.76,0.194,0,1,1
2217,4/7/2011,2,0,4,5,0,4,1,1,0.34,0.3182,0.76,0.2239,0,6,6
2218,4/7/2011,2,0,4,6,0,4,1,1,0.32,0.303,0.81,0.2537,5,59,64
2219,4/7/2011,2,0,4,7,0,4,1,2,0.34,0.3333,0.76,0.1642,8,152,160
2220,4/7/2011,2,0,4,8,0,4,1,1,0.36,0.3485,0.76,0.194,23,291,314
2221,4/7/2011,2,0,4,9,0,4,1,2,0.4,0.4091,0.66,0.1343,15,155,170
2222,4/7/2011,2,0,4,10,0,4,1,2,0.42,0.4242,0.67,0.1045,29,66,95
2223,4/7/2011,2,0,4,11,0,4,1,2,0.46,0.4545,0.55,0,36,86,122
2224,4/7/2011,2,0,4,12,0,4,1,2,0.46,0.4545,0.55,0,39,114,153
2225,4/7/2011,2,0,4,13,0,4,1,2,0.52,0.5,0.48,0.0896,36,99,135
2226,4/7/2011,2,0,4,14,0,4,1,1,0.56,0.5303,0.43,0.0896,46,111,157
2227,4/7/2011,2,0,4,15,0,4,1,1,0.6,0.6212,0.38,0.1045,27,133,160
2228,4/7/2011,2,0,4,16,0,4,1,1,0.6,0.6212,0.35,0,52,161,213
2229,4/7/2011,2,0,4,17,0,4,1,1,0.52,0.5,0.52,0.2836,63,280,343
2230,4/7/2011,2,0,4,18,0,4,1,1,0.48,0.4697,0.55,0.2537,68,265,333
2231,4/7/2011,2,0,4,19,0,4,1,1,0.46,0.4545,0.59,0.2985,34,192,226
2232,4/7/2011,2,0,4,20,0,4,1,1,0.44,0.4394,0.62,0.1642,37,166,203
2233,4/7/2011,2,0,4,21,0,4,1,2,0.44,0.4394,0.67,0.2836,19,89,108
2234,4/7/2011,2,0,4,22,0,4,1,2,0.4,0.4091,0.76,0.194,18,63,81
2235,4/7/2011,2,0,4,23,0,4,1,1,0.38,0.3939,0.76,0.2537,9,45,54
2236,4/8/2011,2,0,4,0,0,5,1,2,0.36,0.3485,0.76,0.2239,4,21,25
2237,4/8/2011,2,0,4,1,0,5,1,2,0.34,0.3333,0.76,0.1343,3,6,9
2238,4/8/2011,2,0,4,2,0,5,1,3,0.34,0.3333,0.76,0.1642,3,10,13
2239,4/8/2011,2,0,4,3,0,5,1,3,0.34,0.3333,0.76,0.1642,0,1,1
2240,4/8/2011,2,0,4,4,0,5,1,2,0.34,0.3333,0.86,0.1343,0,1,1
2241,4/8/2011,2,0,4,5,0,5,1,2,0.32,0.3182,0.87,0.194,1,8,9
2242,4/8/2011,2,0,4,6,0,5,1,2,0.34,0.3636,0.87,0,2,33,35
2243,4/8/2011,2,0,4,7,0,5,1,3,0.34,0.3333,0.87,0.1642,4,109,113
2244,4/8/2011,2,0,4,8,0,5,1,3,0.34,0.3333,0.87,0.1642,13,208,221
2245,4/8/2011,2,0,4,9,0,5,1,2,0.36,0.3485,0.76,0.194,17,168,185
2246,4/8/2011,2,0,4,10,0,5,1,2,0.36,0.3333,0.71,0.2836,10,63,73
2247,4/8/2011,2,0,4,11,0,5,1,2,0.4,0.4091,0.62,0.3881,19,79,98
2248,4/8/2011,2,0,4,12,0,5,1,3,0.38,0.3939,0.66,0.2239,29,51,80
2249,4/8/2011,2,0,4,13,0,5,1,3,0.36,0.3333,0.76,0.2836,7,35,42
2250,4/8/2011,2,0,4,14,0,5,1,3,0.34,0.3182,0.87,0.2239,2,13,15
2251,4/8/2011,2,0,4,15,0,5,1,3,0.34,0.3182,0.87,0.2239,1,24,25
2252,4/8/2011,2,0,4,16,0,5,1,2,0.32,0.303,0.93,0.2537,2,58,60
2253,4/8/2011,2,0,4,17,0,5,1,3,0.32,0.303,0.93,0.2537,10,138,148
2254,4/8/2011,2,0,4,18,0,5,1,3,0.32,0.303,0.93,0.2537,8,54,62
2255,4/8/2011,2,0,4,19,0,5,1,3,0.3,0.2727,0.93,0.4179,1,52,53
2256,4/8/2011,2,0,4,20,0,5,1,2,0.3,0.2727,0.93,0.3284,12,51,63
2257,4/8/2011,2,0,4,21,0,5,1,2,0.3,0.2879,0.93,0.2537,11,43,54
2258,4/8/2011,2,0,4,22,0,5,1,2,0.3,0.2727,0.93,0.2985,9,42,51
2259,4/8/2011,2,0,4,23,0,5,1,2,0.3,0.2879,0.93,0.2239,4,31,35
2260,4/9/2011,2,0,4,0,0,6,0,2,0.3,0.2879,0.87,0.2239,5,26,31
2261,4/9/2011,2,0,4,1,0,6,0,2,0.3,0.303,0.87,0.1343,3,17,20
2262,4/9/2011,2,0,4,2,0,6,0,2,0.32,0.303,0.87,0.2239,2,15,17
2263,4/9/2011,2,0,4,3,0,6,0,3,0.3,0.2879,1,0.2537,3,11,14
2264,4/9/2011,2,0,4,4,0,6,0,3,0.3,0.2727,1,0.2537,0,3,3
2265,4/9/2011,2,0,4,5,0,6,0,2,0.3,0.2879,0.93,0.2239,0,5,5
2266,4/9/2011,2,0,4,6,0,6,0,2,0.3,0.2879,0.93,0.194,0,13,13
2267,4/9/2011,2,0,4,7,0,6,0,2,0.3,0.303,0.93,0.1642,8,13,21
2268,4/9/2011,2,0,4,8,0,6,0,2,0.32,0.303,0.93,0.1642,7,47,54
2269,4/9/2011,2,0,4,9,0,6,0,2,0.34,0.3485,0.87,0.1045,27,71,98
2270,4/9/2011,2,0,4,10,0,6,0,2,0.34,0.3333,0.87,0.1343,43,90,133
2271,4/9/2011,2,0,4,11,0,6,0,2,0.36,0.3636,0.81,0,51,91,142
2272,4/9/2011,2,0,4,12,0,6,0,2,0.36,0.3485,0.81,0.1343,79,123,202
2273,4/9/2011,2,0,4,13,0,6,0,2,0.36,0.3788,0.81,0,114,108,222
2274,4/9/2011,2,0,4,14,0,6,0,2,0.36,0.3485,0.81,0.1343,94,118,212
2275,4/9/2011,2,0,4,15,0,6,0,2,0.36,0.3788,0.87,0,85,116,201
2276,4/9/2011,2,0,4,16,0,6,0,2,0.38,0.3939,0.82,0,73,118,191
2277,4/9/2011,2,0,4,17,0,6,0,2,0.38,0.3939,0.82,0.0896,128,129,257
2278,4/9/2011,2,0,4,18,0,6,0,2,0.38,0.3939,0.82,0.1045,48,129,177
2279,4/9/2011,2,0,4,19,0,6,0,2,0.38,0.3939,0.82,0.1343,47,83,130
2280,4/9/2011,2,0,4,20,0,6,0,2,0.38,0.3939,0.87,0.1642,19,74,93
2281,4/9/2011,2,0,4,21,0,6,0,2,0.36,0.3485,0.93,0.1343,10,65,75
2282,4/9/2011,2,0,4,22,0,6,0,2,0.36,0.3485,0.93,0.1343,21,66,87
2929,5/6/2011,2,0,5,22,0,5,1,1,0.46,0.4545,0.72,0.2239,46,105,151
2930,5/6/2011,2,0,5,23,0,5,1,1,0.44,0.4394,0.82,0.1343,27,93,120
2931,5/7/2011,2,0,5,0,0,6,0,1,0.42,0.4242,0.82,0.1343,10,76,86
2932,5/7/2011,2,0,5,1,0,6,0,1,0.42,0.4242,0.82,0.1045,8,50,58
2933,5/7/2011,2,0,5,2,0,6,0,1,0.42,0.4242,0.82,0.0896,5,47,52
2934,5/7/2011,2,0,5,3,0,6,0,1,0.42,0.4242,0.77,0.0896,9,9,18
2935,5/7/2011,2,0,5,4,0,6,0,1,0.4,0.4091,0.82,0.1045,1,4,5
2936,5/7/2011,2,0,5,5,0,6,0,1,0.46,0.4545,0.59,0.1343,4,3,7
2937,5/7/2011,2,0,5,6,0,6,0,1,0.42,0.4242,0.77,0.0896,1,12,13
2938,5/7/2011,2,0,5,7,0,6,0,1,0.48,0.4697,0.59,0,8,32,40
2939,5/7/2011,2,0,5,8,0,6,0,1,0.52,0.5,0.52,0.194,19,96,115
2940,5/7/2011,2,0,5,9,0,6,0,1,0.54,0.5152,0.49,0.2836,54,164,218
2941,5/7/2011,2,0,5,10,0,6,0,1,0.56,0.5303,0.49,0.2985,90,208,298
2942,5/7/2011,2,0,5,11,0,6,0,1,0.56,0.5303,0.43,0,132,215,347
2943,5/7/2011,2,0,5,12,0,6,0,1,0.6,0.6212,0.4,0.194,129,244,373
2944,5/7/2011,2,0,5,13,0,6,0,1,0.6,0.6212,0.35,0.2836,196,240,436
2945,5/7/2011,2,0,5,14,0,6,0,3,0.6,0.6212,0.35,0.1642,143,235,378
2946,5/7/2011,2,0,5,15,0,6,0,1,0.6,0.6212,0.38,0.2537,148,230,378
2947,5/7/2011,2,0,5,16,0,6,0,1,0.6,0.6212,0.38,0.194,119,223,342
2948,5/7/2011,2,0,5,17,0,6,0,1,0.58,0.5455,0.4,0.2239,138,216,354
2949,5/7/2011,2,0,5,18,0,6,0,1,0.58,0.5455,0.37,0.1642,114,175,289
2950,5/7/2011,2,0,5,19,0,6,0,1,0.56,0.5303,0.43,0.194,88,179,267
2951,5/7/2011,2,0,5,20,0,6,0,1,0.56,0.5303,0.43,0.1343,82,137,219
2952,5/7/2011,2,0,5,21,0,6,0,1,0.54,0.5152,0.49,0.2239,58,124,182
2953,5/7/2011,2,0,5,22,0,6,0,1,0.54,0.5152,0.49,0.194,26,94,120
2954,5/7/2011,2,0,5,23,0,6,0,1,0.5,0.4848,0.59,0.1045,30,89,119
2955,5/8/2011,2,0,5,0,0,0,0,2,0.5,0.4848,0.59,0.1045,22,78,100
2956,5/8/2011,2,0,5,1,0,0,0,2,0.52,0.5,0.55,0,8,56,64
2957,5/8/2011,2,0,5,2,0,0,0,1,0.48,0.4697,0.63,0,17,42,59
2958,5/8/2011,2,0,5,3,0,0,0,1,0.46,0.4545,0.72,0.0896,10,21,31
2959,5/8/2011,2,0,5,4,0,0,0,1,0.42,0.4242,0.82,0,2,8,10
2960,5/8/2011,2,0,5,5,0,0,0,2,0.44,0.4394,0.77,0,0,5,5
2961,5/8/2011,2,0,5,6,0,0,0,2,0.44,0.4394,0.82,0,2,4,6
2962,5/8/2011,2,0,5,7,0,0,0,2,0.46,0.4545,0.82,0,8,15,23
2963,5/8/2011,2,0,5,8,0,0,0,1,0.52,0.5,0.63,0.1343,28,58,86
2964,5/8/2011,2,0,5,9,0,0,0,1,0.56,0.5303,0.52,0.2239,48,112,160
2965,5/8/2011,2,0,5,10,0,0,0,1,0.58,0.5455,0.49,0.1343,91,153,244
2966,5/8/2011,2,0,5,11,0,0,0,1,0.58,0.5455,0.49,0.0896,142,198,340
2967,5/8/2011,2,0,5,12,0,0,0,1,0.6,0.6212,0.46,0.0896,139,243,382
2968,5/8/2011,2,0,5,13,0,0,0,1,0.6,0.6212,0.49,0.1343,166,224,390
2969,5/8/2011,2,0,5,14,0,0,0,1,0.6,0.6212,0.49,0,126,240,366
2970,5/8/2011,2,0,5,15,0,0,0,1,0.6,0.6212,0.49,0,128,230,358
2971,5/8/2011,2,0,5,16,0,0,0,1,0.6,0.6212,0.46,0.1045,122,263,385
2972,5/8/2011,2,0,5,17,0,0,0,3,0.58,0.5455,0.49,0.2836,106,245,351
2973,5/8/2011,2,0,5,18,0,0,0,1,0.58,0.5455,0.49,0,63,205,268
2974,5/8/2011,2,0,5,19,0,0,0,1,0.56,0.5303,0.64,0,61,178,239
2975,5/8/2011,2,0,5,20,0,0,0,1,0.52,0.5,0.77,0.1343,42,132,174
2976,5/8/2011,2,0,5,21,0,0,0,1,0.52,0.5,0.77,0.0896,32,95,127
2977,5/8/2011,2,0,5,22,0,0,0,1,0.5,0.4848,0.88,0.0896,29,86,115
2978,5/8/2011,2,0,5,23,0,0,0,1,0.46,0.4545,0.88,0.0896,9,41,50
2979,5/9/2011,2,0,5,0,0,1,1,1,0.46,0.4545,0.82,0.0896,31,22,53
2980,5/9/2011,2,0,5,1,0,1,1,1,0.44,0.4394,0.88,0,25,8,33
2981,5/9/2011,2,0,5,2,0,1,1,1,0.44,0.4394,0.94,0,6,2,8
2982,5/9/2011,2,0,5,3,0,1,1,1,0.46,0.4545,0.82,0.0896,0,7,7
2983,5/9/2011,2,0,5,4,0,1,1,1,0.42,0.4242,0.82,0.1642,0,4,4
2984,5/9/2011,2,0,5,5,0,1,1,1,0.42,0.4242,0.77,0.1642,0,23,23
2985,5/9/2011,2,0,5,6,0,1,1,1,0.44,0.4394,0.72,0.2537,2,87,89
2986,5/9/2011,2,0,5,7,0,1,1,1,0.48,0.4697,0.63,0.2537,16,221,237
2987,5/9/2011,2,0,5,8,0,1,1,1,0.52,0.5,0.55,0.2239,23,351,374
2988,5/9/2011,2,0,5,9,0,1,1,1,0.54,0.5152,0.56,0.1642,36,142,178
2989,5/9/2011,2,0,5,10,0,1,1,1,0.56,0.5303,0.52,0.194,24,95,119
2990,5/9/2011,2,0,5,11,0,1,1,1,0.6,0.6212,0.46,0.2239,26,99,125
2991,5/9/2011,2,0,5,12,0,1,1,1,0.6,0.6212,0.43,0.194,35,160,195
2992,5/9/2011,2,0,5,13,0,1,1,1,0.62,0.6212,0.38,0.2836,36,138,174
2993,5/9/2011,2,0,5,14,0,1,1,1,0.62,0.6212,0.41,0.2239,44,118,162
2994,5/9/2011,2,0,5,15,0,1,1,1,0.62,0.6212,0.41,0.2239,51,148,199
2995,5/9/2011,2,0,5,16,0,1,1,1,0.64,0.6212,0.38,0.2239,49,255,304
2996,5/9/2011,2,0,5,17,0,1,1,1,0.62,0.6212,0.38,0.2537,59,539,598
2997,5/9/2011,2,0,5,18,0,1,1,1,0.62,0.6212,0.38,0.2985,66,458,524
2998,5/9/2011,2,0,5,19,0,1,1,1,0.58,0.5455,0.43,0.194,45,339,384
2999,5/9/2011,2,0,5,20,0,1,1,1,0.54,0.5152,0.49,0.194,25,214,239
3000,5/9/2011,2,0,5,21,0,1,1,1,0.52,0.5,0.59,0.1343,28,128,156
3001,5/9/2011,2,0,5,22,0,1,1,1,0.52,0.5,0.68,0.0896,21,95,116
3002,5/9/2011,2,0,5,23,0,1,1,1,0.5,0.4848,0.68,0.0896,16,45,61
3531,6/1/2011,2,0,6,0,0,3,1,1,0.7,0.6667,0.79,0.1642,9,25,34
3532,6/1/2011,2,0,6,1,0,3,1,1,0.7,0.6667,0.84,0.2537,8,9,17
3533,6/1/2011,2,0,6,2,0,3,1,1,0.7,0.6667,0.79,0.1642,0,3,3
3534,6/1/2011,2,0,6,3,0,3,1,1,0.68,0.6364,0.89,0.194,0,6,6
3535,6/1/2011,2,0,6,4,0,3,1,2,0.68,0.6364,0.89,0.2239,0,4,4
3536,6/1/2011,2,0,6,5,0,3,1,2,0.66,0.5909,0.89,0.0896,2,19,21
3537,6/1/2011,2,0,6,6,0,3,1,2,0.68,0.6364,0.89,0.0896,7,121,128
3538,6/1/2011,2,0,6,7,0,3,1,2,0.7,0.6667,0.79,0.1642,19,265,284
3539,6/1/2011,2,0,6,8,0,3,1,2,0.72,0.697,0.79,0.194,37,417,454
3540,6/1/2011,2,0,6,9,0,3,1,2,0.74,0.7121,0.74,0.2239,34,173,207
3541,6/1/2011,2,0,6,10,0,3,1,2,0.76,0.7424,0.75,0.2537,31,84,115
3542,6/1/2011,2,0,6,11,0,3,1,2,0.82,0.803,0.59,0.2239,26,86,112
3543,6/1/2011,2,0,6,12,0,3,1,1,0.86,0.8333,0.53,0,32,137,169
3544,6/1/2011,2,0,6,13,0,3,1,1,0.9,0.8182,0.37,0.194,29,125,154
3545,6/1/2011,2,0,6,14,0,3,1,1,0.9,0.8182,0.37,0.2537,40,105,145
3546,6/1/2011,2,0,6,15,0,3,1,1,0.9,0.8333,0.39,0.2985,25,127,152
3547,6/1/2011,2,0,6,16,0,3,1,1,0.86,0.803,0.47,0.2985,39,227,266
3548,6/1/2011,2,0,6,17,0,3,1,1,0.86,0.803,0.47,0.2985,52,434,486
3549,6/1/2011,2,0,6,18,0,3,1,3,0.82,0.7879,0.56,0.3881,31,278,309
3550,6/1/2011,2,0,6,19,0,3,1,2,0.74,0.7121,0.79,0.1642,16,248,264
3551,6/1/2011,2,0,6,20,0,3,1,2,0.74,0.7121,0.79,0.2537,23,233,256
3552,6/1/2011,2,0,6,21,0,3,1,1,0.74,0.697,0.7,0.2836,29,161,190
3553,6/1/2011,2,0,6,22,0,3,1,1,0.74,0.697,0.66,0.1343,14,115,129
3554,6/1/2011,2,0,6,23,0,3,1,1,0.74,0.6667,0.51,0.1642,10,59,69
3555,6/2/2011,2,0,6,0,0,4,1,1,0.74,0.6515,0.4,0.3582,11,31,42
3556,6/2/2011,2,0,6,1,0,4,1,1,0.72,0.6515,0.38,0.1045,3,12,15
3557,6/2/2011,2,0,6,2,0,4,1,1,0.7,0.6364,0.39,0,0,6,6
3558,6/2/2011,2,0,6,3,0,4,1,1,0.66,0.6212,0.44,0.1045,0,4,4
3559,6/2/2011,2,0,6,4,0,4,1,1,0.66,0.6212,0.41,0.194,0,3,3
3560,6/2/2011,2,0,6,5,0,4,1,1,0.66,0.6212,0.39,0.2239,3,28,31
3561,6/2/2011,2,0,6,6,0,4,1,1,0.66,0.6212,0.39,0.1343,7,106,113
3562,6/2/2011,2,0,6,7,0,4,1,1,0.7,0.6364,0.34,0.2537,19,285,304
3563,6/2/2011,2,0,6,8,0,4,1,1,0.7,0.6364,0.32,0.2985,25,442,467
3564,6/2/2011,2,0,6,9,0,4,1,1,0.72,0.6364,0.26,0.3582,28,197,225
3565,6/2/2011,2,0,6,10,0,4,1,1,0.72,0.6515,0.28,0.4925,33,106,139
3566,6/2/2011,2,0,6,11,0,4,1,1,0.74,0.6515,0.28,0.3881,42,123,165
3567,6/2/2011,2,0,6,12,0,4,1,1,0.76,0.6667,0.25,0.4627,39,193,232
3568,6/2/2011,2,0,6,13,0,4,1,1,0.8,0.6818,0.24,0.3582,35,168,203
3569,6/2/2011,2,0,6,14,0,4,1,1,0.78,0.6667,0.24,0.3284,43,142,185
3570,6/2/2011,2,0,6,15,0,4,1,1,0.8,0.6818,0.21,0.3881,44,144,188
3571,6/2/2011,2,0,6,16,0,4,1,1,0.8,0.6818,0.22,0.4925,63,255,318
3572,6/2/2011,2,0,6,17,0,4,1,1,0.76,0.6515,0.2,0.5224,88,484,572
3573,6/2/2011,2,0,6,18,0,4,1,1,0.74,0.6515,0.22,0.3881,74,451,525
3574,6/2/2011,2,0,6,19,0,4,1,1,0.72,0.6364,0.23,0.2985,58,321,379
3575,6/2/2011,2,0,6,20,0,4,1,1,0.7,0.6364,0.24,0.194,51,286,337
3576,6/2/2011,2,0,6,21,0,4,1,1,0.66,0.6212,0.31,0.194,33,215,248
3577,6/2/2011,2,0,6,22,0,4,1,1,0.64,0.6212,0.33,0.2537,14,141,155
3578,6/2/2011,2,0,6,23,0,4,1,1,0.62,0.6212,0.35,0.2239,23,89,112
3579,6/3/2011,2,0,6,0,0,5,1,1,0.62,0.6212,0.38,0.2836,15,53,68
3580,6/3/2011,2,0,6,1,0,5,1,1,0.6,0.6212,0.38,0.3582,7,15,22
3581,6/3/2011,2,0,6,2,0,5,1,1,0.56,0.5303,0.43,0.2239,0,12,12
3582,6/3/2011,2,0,6,3,0,5,1,1,0.54,0.5152,0.49,0.2239,0,5,5
3583,6/3/2011,2,0,6,4,0,5,1,1,0.52,0.5,0.48,0.3284,1,5,6
3584,6/3/2011,2,0,6,5,0,5,1,1,0.52,0.5,0.48,0.3582,4,24,28
3585,6/3/2011,2,0,6,6,0,5,1,1,0.54,0.5152,0.45,0.2985,8,98,106
3586,6/3/2011,2,0,6,7,0,5,1,1,0.54,0.5152,0.45,0.2537,25,252,277
3587,6/3/2011,2,0,6,8,0,5,1,2,0.56,0.5303,0.43,0.3284,31,471,502
3588,6/3/2011,2,0,6,9,0,5,1,1,0.58,0.5455,0.4,0.1642,36,194,230
3589,6/3/2011,2,0,6,10,0,5,1,1,0.62,0.6212,0.33,0.2537,54,107,161
3590,6/3/2011,2,0,6,11,0,5,1,1,0.64,0.6212,0.31,0.3284,57,135,192
3591,6/3/2011,2,0,6,12,0,5,1,1,0.66,0.6212,0.27,0.2836,51,208,259
3592,6/3/2011,2,0,6,13,0,5,1,1,0.68,0.6212,0.26,0.2537,58,190,248
3593,6/3/2011,2,0,6,14,0,5,1,1,0.7,0.6364,0.28,0.2836,66,174,240
3594,6/3/2011,2,0,6,15,0,5,1,1,0.7,0.6364,0.28,0.2836,56,156,212
3595,6/3/2011,2,0,6,16,0,5,1,1,0.72,0.6364,0.26,0.3284,63,286,349
3596,6/3/2011,2,0,6,17,0,5,1,1,0.72,0.6364,0.25,0.2836,73,485,558
3597,6/3/2011,2,0,6,18,0,5,1,1,0.7,0.6364,0.24,0.2985,76,488,564
3598,6/3/2011,2,0,6,19,0,5,1,1,0.68,0.6212,0.26,0.2836,53,338,391
3599,6/3/2011,2,0,6,20,0,5,1,1,0.64,0.6212,0.29,0.1642,57,236,293
3600,6/3/2011,2,0,6,21,0,5,1,1,0.64,0.6212,0.29,0.1045,51,196,247
3601,6/3/2011,2,0,6,22,0,5,1,1,0.62,0.6212,0.35,0,26,145,171
3602,6/3/2011,2,0,6,23,0,5,1,1,0.58,0.5455,0.46,0.1045,30,141,171
3603,6/4/2011,2,0,6,0,0,6,0,1,0.56,0.5303,0.52,0,24,69,93
3604,6/4/2011,2,0,6,1,0,6,0,1,0.54,0.5152,0.64,0.1045,14,80,94
3605,6/4/2011,2,0,6,2,0,6,0,1,0.54,0.5152,0.56,0.194,18,41,59
3606,6/4/2011,2,0,6,3,0,6,0,1,0.52,0.5,0.59,0.1045,8,10,18
3607,6/4/2011,2,0,6,4,0,6,0,1,0.52,0.5,0.59,0.0896,4,11,15
3608,6/4/2011,2,0,6,5,0,6,0,1,0.5,0.4848,0.64,0,3,5,8
3609,6/4/2011,2,0,6,6,0,6,0,1,0.54,0.5152,0.6,0,11,17,28
3610,6/4/2011,2,0,6,7,0,6,0,1,0.56,0.5303,0.56,0,27,60,87
3611,6/4/2011,2,0,6,8,0,6,0,1,0.6,0.6212,0.46,0.0896,29,96,125
3612,6/4/2011,2,0,6,9,0,6,0,1,0.62,0.6212,0.43,0.1343,55,169,224
3613,6/4/2011,2,0,6,10,0,6,0,1,0.64,0.6212,0.38,0.1045,115,202,317
3614,6/4/2011,2,0,6,11,0,6,0,1,0.66,0.6212,0.36,0.1343,120,249,369
3615,6/4/2011,2,0,6,12,0,6,0,1,0.7,0.6364,0.32,0.1642,150,270,420
3616,6/4/2011,2,0,6,13,0,6,0,1,0.74,0.6515,0.28,0.1343,188,268,456
3617,6/4/2011,2,0,6,14,0,6,0,1,0.74,0.6515,0.33,0.2239,193,258,451
3618,6/4/2011,2,0,6,15,0,6,0,2,0.74,0.6515,0.27,0.4179,180,224,404
3619,6/4/2011,2,0,6,16,0,6,0,2,0.72,0.6515,0.3,0.1343,168,272,440
3620,6/4/2011,2,0,6,17,0,6,0,2,0.72,0.6515,0.34,0.2537,142,202,344
3621,6/4/2011,2,0,6,18,0,6,0,2,0.74,0.6515,0.3,0.1642,127,214,341
3622,6/4/2011,2,0,6,19,0,6,0,2,0.7,0.6364,0.39,0.0896,79,206,285
3623,6/4/2011,2,0,6,20,0,6,0,2,0.7,0.6515,0.48,0.0896,90,149,239
3624,6/4/2011,2,0,6,21,0,6,0,2,0.66,0.6212,0.47,0.1045,46,139,185
3625,6/4/2011,2,0,6,22,0,6,0,1,0.64,0.6212,0.57,0.2239,49,141,190
3626,6/4/2011,2,0,6,23,0,6,0,2,0.64,0.6212,0.57,0,29,121,150
3627,6/5/2011,2,0,6,0,0,0,0,1,0.64,0.6212,0.57,0.0896,23,90,113
3628,6/5/2011,2,0,6,1,0,0,0,2,0.64,0.6212,0.61,0.1642,26,70,96
3629,6/5/2011,2,0,6,2,0,0,0,2,0.64,0.6212,0.61,0.1642,16,48,64
3630,6/5/2011,2,0,6,3,0,0,0,2,0.62,0.6061,0.65,0.1642,22,25,47
3631,6/5/2011,2,0,6,4,0,0,0,2,0.62,0.6061,0.65,0.1642,4,8,12
3632,6/5/2011,2,0,6,5,0,0,0,2,0.62,0.6061,0.61,0.1343,1,5,6
3633,6/5/2011,2,0,6,6,0,0,0,2,0.62,0.6061,0.61,0.1045,10,11,21
3634,6/5/2011,2,0,6,7,0,0,0,2,0.6,0.5909,0.73,0.2537,8,19,27
3635,6/5/2011,2,0,6,8,0,0,0,2,0.6,0.5909,0.73,0.2537,24,74,98
3636,6/5/2011,2,0,6,9,0,0,0,2,0.6,0.5758,0.78,0.194,53,111,164
3637,6/5/2011,2,0,6,10,0,0,0,2,0.62,0.5909,0.73,0.0896,83,168,251
3638,6/5/2011,2,0,6,11,0,0,0,2,0.64,0.6061,0.69,0.1045,121,214,335
3639,6/5/2011,2,0,6,12,0,0,0,2,0.64,0.6061,0.69,0.1045,123,212,335
3640,6/5/2011,2,0,6,13,0,0,0,1,0.66,0.6212,0.65,0.1045,154,213,367
3641,6/5/2011,2,0,6,14,0,0,0,1,0.7,0.6515,0.58,0.1642,161,224,385
3642,6/5/2011,2,0,6,15,0,0,0,1,0.7,0.6515,0.54,0,161,256,417
3643,6/5/2011,2,0,6,16,0,0,0,1,0.72,0.6667,0.51,0.0896,138,260,398
3644,6/5/2011,2,0,6,17,0,0,0,1,0.74,0.6667,0.51,0,126,264,390
3645,6/5/2011,2,0,6,18,0,0,0,1,0.7,0.6515,0.58,0.1045,124,239,363
3646,6/5/2011,2,0,6,19,0,0,0,1,0.68,0.6364,0.65,0.1642,108,249,357
3647,6/5/2011,2,0,6,20,0,0,0,1,0.66,0.6212,0.69,0.194,84,195,279
3648,6/5/2011,2,0,6,21,0,0,0,1,0.64,0.6061,0.73,0.1642,54,111,165
3649,6/5/2011,2,0,6,22,0,0,0,1,0.64,0.5909,0.78,0.2239,36,94,130
3650,6/5/2011,2,0,6,23,0,0,0,1,0.62,0.5909,0.78,0.1343,25,61,86
3651,6/6/2011,2,0,6,0,0,1,1,1,0.62,0.5909,0.78,0.1343,11,18,29
3652,6/6/2011,2,0,6,1,0,1,1,1,0.6,0.5606,0.83,0.1343,9,5,14
3653,6/6/2011,2,0,6,2,0,1,1,1,0.58,0.5455,0.88,0.1045,4,4,8
3654,6/6/2011,2,0,6,3,0,1,1,1,0.58,0.5455,0.88,0,2,3,5
3655,6/6/2011,2,0,6,4,0,1,1,1,0.56,0.5303,0.94,0.1045,4,4,8
3656,6/6/2011,2,0,6,5,0,1,1,1,0.56,0.5303,0.88,0.0896,7,24,31
3657,6/6/2011,2,0,6,6,0,1,1,1,0.58,0.5455,0.88,0,11,101,112
3658,6/6/2011,2,0,6,7,0,1,1,1,0.62,0.5909,0.78,0.1045,18,281,299
3659,6/6/2011,2,0,6,8,0,1,1,1,0.64,0.6061,0.73,0.0896,28,410,438
3660,6/6/2011,2,0,6,9,0,1,1,1,0.7,0.6515,0.58,0.1642,26,162,188
3661,6/6/2011,2,0,6,10,0,1,1,1,0.72,0.6667,0.51,0.2239,31,64,95
3662,6/6/2011,2,0,6,11,0,1,1,1,0.74,0.6667,0.42,0.1343,39,72,111
3663,6/6/2011,2,0,6,12,0,1,1,1,0.76,0.6667,0.37,0.1642,25,128,153
3664,6/6/2011,2,0,6,13,0,1,1,1,0.78,0.6818,0.35,0,28,152,180
3665,6/6/2011,2,0,6,14,0,1,1,1,0.78,0.6818,0.31,0.1343,46,99,145
3666,6/6/2011,2,0,6,15,0,1,1,1,0.8,0.697,0.29,0.194,38,127,165
3667,6/6/2011,2,0,6,16,0,1,1,1,0.76,0.6667,0.33,0.1343,34,233,267
3668,6/6/2011,2,0,6,17,0,1,1,1,0.78,0.6818,0.33,0.2836,63,516,579
3669,6/6/2011,2,0,6,18,0,1,1,1,0.76,0.6667,0.31,0.1343,56,500,556
3670,6/6/2011,2,0,6,19,0,1,1,1,0.72,0.6667,0.54,0.194,64,343,407
3671,6/6/2011,2,0,6,20,0,1,1,1,0.68,0.6364,0.61,0.1343,59,277,336
3672,6/6/2011,2,0,6,21,0,1,1,1,0.66,0.6212,0.57,0.0896,29,160,189
3673,6/6/2011,2,0,6,22,0,1,1,1,0.66,0.6212,0.61,0.0896,36,137,173
3674,6/6/2011,2,0,6,23,0,1,1,1,0.64,0.6061,0.69,0.0896,5,55,60
3675,6/7/2011,2,0,6,0,0,2,1,1,0.64,0.6061,0.65,0.0896,5,15,20
3676,6/7/2011,2,0,6,1,0,2,1,1,0.62,0.6061,0.69,0.1343,2,2,4
3677,6/7/2011,2,0,6,2,0,2,1,1,0.6,0.5909,0.73,0.0896,3,2,5
3678,6/7/2011,2,0,6,3,0,2,1,1,0.6,0.5909,0.73,0.0896,1,1,2
3679,6/7/2011,2,0,6,4,0,2,1,1,0.58,0.5455,0.83,0.1343,2,3,5
3680,6/7/2011,2,0,6,5,0,2,1,1,0.58,0.5455,0.88,0.1642,2,30,32
3681,6/7/2011,2,0,6,6,0,2,1,1,0.6,0.5758,0.78,0.1343,10,116,126
3682,6/7/2011,2,0,6,7,0,2,1,2,0.64,0.6061,0.69,0.194,23,311,334
3683,6/7/2011,2,0,6,8,0,2,1,2,0.68,0.6364,0.61,0.1343,45,432,477
3684,6/7/2011,2,0,6,9,0,2,1,2,0.72,0.6667,0.58,0.2239,27,190,217
3685,6/7/2011,2,0,6,10,0,2,1,2,0.76,0.6818,0.48,0.194,37,86,123
3686,6/7/2011,2,0,6,11,0,2,1,2,0.76,0.697,0.52,0.2537,38,113,151
3687,6/7/2011,2,0,6,12,0,2,1,2,0.8,0.7273,0.46,0.2836,42,141,183
3688,6/7/2011,2,0,6,13,0,2,1,2,0.8,0.7273,0.43,0.2537,55,141,196
3689,6/7/2011,2,0,6,14,0,2,1,2,0.8,0.7273,0.43,0.2836,34,112,146
3690,6/7/2011,2,0,6,15,0,2,1,2,0.82,0.7424,0.41,0.3284,56,127,183
3691,6/7/2011,2,0,6,16,0,2,1,1,0.8,0.7121,0.38,0.2239,55,253,308
3692,6/7/2011,2,0,6,17,0,2,1,1,0.8,0.7273,0.43,0.2537,64,475,539
3693,6/7/2011,2,0,6,18,0,2,1,1,0.78,0.697,0.46,0.2836,72,479,551
3694,6/7/2011,2,0,6,19,0,2,1,1,0.76,0.6818,0.48,0.2537,69,355,424
3695,6/7/2011,2,0,6,20,0,2,1,1,0.74,0.6818,0.56,0.1343,45,301,346
3696,6/7/2011,2,0,6,21,0,2,1,1,0.72,0.6818,0.7,0.1343,31,187,218
3697,6/7/2011,2,0,6,22,0,2,1,1,0.7,0.6515,0.65,0.1343,27,126,153
3698,6/7/2011,2,0,6,23,0,2,1,1,0.68,0.6364,0.79,0.1045,18,72,90
3699,6/8/2011,2,0,6,0,0,3,1,1,0.66,0.5909,0.89,0.1343,12,29,41
3700,6/8/2011,2,0,6,1,0,3,1,1,0.66,0.6061,0.78,0,3,20,23
3701,6/8/2011,2,0,6,2,0,3,1,1,0.64,0.5758,0.89,0.0896,0,7,7
3702,6/8/2011,2,0,6,3,0,3,1,1,0.64,0.5758,0.89,0.0896,2,1,3
3703,6/8/2011,2,0,6,4,0,3,1,1,0.62,0.5758,0.83,0,0,6,6
3704,6/8/2011,2,0,6,5,0,3,1,1,0.62,0.5606,0.88,0,0,21,21
3705,6/8/2011,2,0,6,6,0,3,1,1,0.64,0.5758,0.89,0.1343,13,103,116
3706,6/8/2011,2,0,6,7,0,3,1,1,0.66,0.6212,0.74,0.1045,24,329,353
3707,6/8/2011,2,0,6,8,0,3,1,1,0.76,0.7121,0.58,0.1642,46,435,481
3708,6/8/2011,2,0,6,9,0,3,1,1,0.76,0.7121,0.58,0.1642,34,168,202
3709,6/8/2011,2,0,6,10,0,3,1,1,0.82,0.7424,0.43,0.2239,27,63,90
3710,6/8/2011,2,0,6,11,0,3,1,1,0.84,0.7576,0.41,0.194,28,106,134
3711,6/8/2011,2,0,6,12,0,3,1,1,0.88,0.8182,0.42,0.1343,15,134,149
3712,6/8/2011,2,0,6,13,0,3,1,1,0.9,0.8485,0.42,0,20,116,136
3713,6/8/2011,2,0,6,14,0,3,1,1,0.92,0.8788,0.4,0.2537,44,111,155
3714,6/8/2011,2,0,6,15,0,3,1,1,0.92,0.8788,0.4,0.1642,28,100,128
3715,6/8/2011,2,0,6,16,0,3,1,1,0.92,0.8788,0.4,0.2239,34,199,233
3716,6/8/2011,2,0,6,17,0,3,1,1,0.92,0.8485,0.35,0.2239,80,426,506
3717,6/8/2011,2,0,6,18,0,3,1,1,0.9,0.8182,0.37,0.2239,61,398,459
3718,6/8/2011,2,0,6,19,0,3,1,1,0.82,0.803,0.59,0.1343,61,323,384
3719,6/8/2011,2,0,6,20,0,3,1,1,0.8,0.7879,0.63,0.1343,55,225,280
3720,6/8/2011,2,0,6,21,0,3,1,1,0.8,0.803,0.66,0.1343,34,168,202
3721,6/8/2011,2,0,6,22,0,3,1,1,0.76,0.7424,0.75,0.1642,37,139,176
3722,6/8/2011,2,0,6,23,0,3,1,1,0.76,0.7424,0.75,0.194,18,98,116
3723,6/9/2011,2,0,6,0,0,4,1,2,0.74,0.7121,0.79,0.1343,7,40,47
3724,6/9/2011,2,0,6,1,0,4,1,1,0.74,0.7121,0.79,0.1045,3,13,16
3725,6/9/2011,2,0,6,2,0,4,1,2,0.72,0.7121,0.84,0.1642,0,6,6
3726,6/9/2011,2,0,6,3,0,4,1,2,0.72,0.7121,0.84,0.1045,0,2,2
3727,6/9/2011,2,0,6,4,0,4,1,2,0.72,0.697,0.79,0.0896,2,4,6
3728,6/9/2011,2,0,6,5,0,4,1,2,0.7,0.6667,0.84,0,1,19,20
3729,6/9/2011,2,0,6,6,0,4,1,2,0.72,0.7121,0.84,0.0896,13,105,118
3730,6/9/2011,2,0,6,7,0,4,1,2,0.72,0.697,0.79,0.1343,31,283,314
3731,6/9/2011,2,0,6,8,0,4,1,2,0.76,0.7273,0.7,0.1045,32,400,432
3732,6/9/2011,2,0,6,9,0,4,1,1,0.84,0.7879,0.49,0,20,148,168
3733,6/9/2011,2,0,6,10,0,4,1,1,0.86,0.8182,0.5,0.2836,20,74,94
3734,6/9/2011,2,0,6,11,0,4,1,1,0.9,0.8485,0.42,0.2239,36,82,118
3735,6/9/2011,2,0,6,12,0,4,1,1,0.92,0.8485,0.35,0.194,40,100,140
3736,6/9/2011,2,0,6,13,0,4,1,1,0.9,0.8182,0.37,0.0896,18,118,136
3737,6/9/2011,2,0,6,14,0,4,1,1,0.92,0.8788,0.4,0.194,25,93,118
3738,6/9/2011,2,0,6,15,0,4,1,1,0.94,0.8333,0.31,0.1642,18,86,104
3739,6/9/2011,2,0,6,16,0,4,1,1,0.92,0.8333,0.33,0.1343,30,170,200
3740,6/9/2011,2,0,6,17,0,4,1,1,0.9,0.8182,0.37,0.2537,54,355,409
3741,6/9/2011,2,0,6,18,0,4,1,1,0.88,0.803,0.39,0.2836,52,414,466
3742,6/9/2011,2,0,6,19,0,4,1,2,0.84,0.7424,0.39,0.3284,55,271,326
3743,6/9/2011,2,0,6,20,0,4,1,2,0.8,0.7273,0.43,0.194,40,214,254
3744,6/9/2011,2,0,6,21,0,4,1,3,0.76,0.697,0.52,0,29,142,171
3745,6/9/2011,2,0,6,22,0,4,1,2,0.74,0.6818,0.58,0.1642,22,131,153
3746,6/9/2011,2,0,6,23,0,4,1,2,0.74,0.697,0.57,0.1642,15,82,97
4251,7/1/2011,3,0,7,0,0,5,1,1,0.66,0.6212,0.5,0,20,48,68
4252,7/1/2011,3,0,7,1,0,5,1,1,0.66,0.6212,0.5,0,15,16,31
4253,7/1/2011,3,0,7,2,0,5,1,1,0.62,0.6061,0.69,0,6,7,13
4254,7/1/2011,3,0,7,3,0,5,1,1,0.64,0.6212,0.53,0,5,6,11
4255,7/1/2011,3,0,7,4,0,5,1,1,0.62,0.6212,0.57,0,1,5,6
4256,7/1/2011,3,0,7,5,0,5,1,1,0.6,0.6061,0.64,0.1343,3,27,30
4257,7/1/2011,3,0,7,6,0,5,1,1,0.62,0.6061,0.61,0.1343,11,97,108
4258,7/1/2011,3,0,7,7,0,5,1,1,0.66,0.6212,0.54,0.1045,25,218,243
4259,7/1/2011,3,0,7,8,0,5,1,1,0.7,0.6364,0.42,0.1642,39,453,492
4260,7/1/2011,3,0,7,9,0,5,1,1,0.74,0.6515,0.35,0.1642,58,202,260
4261,7/1/2011,3,0,7,10,0,5,1,1,0.76,0.6667,0.33,0.1642,61,109,170
4262,7/1/2011,3,0,7,11,0,5,1,1,0.8,0.697,0.26,0,68,146,214
4263,7/1/2011,3,0,7,12,0,5,1,1,0.8,0.697,0.26,0,83,180,263
4264,7/1/2011,3,0,7,13,0,5,1,1,0.8,0.6818,0.24,0,83,209,292
4265,7/1/2011,3,0,7,14,0,5,1,1,0.82,0.697,0.23,0.194,78,225,303
4266,7/1/2011,3,0,7,15,0,5,1,1,0.82,0.697,0.21,0.2537,82,299,381
4267,7/1/2011,3,0,7,16,0,5,1,1,0.82,0.697,0.17,0,85,342,427
4268,7/1/2011,3,0,7,17,0,5,1,1,0.82,0.697,0.21,0.194,99,362,461
4269,7/1/2011,3,0,7,18,0,5,1,1,0.8,0.6818,0.24,0.2537,98,324,422
4270,7/1/2011,3,0,7,19,0,5,1,1,0.78,0.6667,0.25,0.194,80,238,318
4271,7/1/2011,3,0,7,20,0,5,1,1,0.72,0.6515,0.42,0.2239,84,185,269
4272,7/1/2011,3,0,7,21,0,5,1,1,0.7,0.6364,0.45,0.194,69,149,218
4273,7/1/2011,3,0,7,22,0,5,1,1,0.7,0.6364,0.42,0,49,173,222
4274,7/1/2011,3,0,7,23,0,5,1,1,0.68,0.6364,0.47,0.0896,44,96,140
4275,7/2/2011,3,0,7,0,0,6,0,1,0.68,0.6364,0.47,0.0896,31,84,115
4276,7/2/2011,3,0,7,1,0,6,0,1,0.66,0.6212,0.54,0,20,58,78
4277,7/2/2011,3,0,7,2,0,6,0,1,0.64,0.6212,0.53,0,9,43,52
4278,7/2/2011,3,0,7,3,0,6,0,1,0.64,0.6212,0.53,0,5,21,26
4279,7/2/2011,3,0,7,4,0,6,0,1,0.62,0.6061,0.61,0,3,8,11
4280,7/2/2011,3,0,7,5,0,6,0,1,0.58,0.5455,0.73,0.1045,1,13,14
4281,7/2/2011,3,0,7,6,0,6,0,1,0.62,0.6061,0.69,0.1045,11,21,32
4282,7/2/2011,3,0,7,7,0,6,0,1,0.64,0.6061,0.65,0,10,35,45
4283,7/2/2011,3,0,7,8,0,6,0,1,0.68,0.6364,0.57,0,38,94,132
4284,7/2/2011,3,0,7,9,0,6,0,1,0.74,0.6667,0.51,0.0896,55,124,179
4285,7/2/2011,3,0,7,10,0,6,0,1,0.8,0.7121,0.36,0,103,168,271
4286,7/2/2011,3,0,7,11,0,6,0,1,0.8,0.7121,0.36,0.0896,144,213,357
4287,7/2/2011,3,0,7,12,0,6,0,1,0.82,0.7121,0.3,0.1343,142,232,374
4288,7/2/2011,3,0,7,13,0,6,0,1,0.82,0.7121,0.3,0.1045,178,226,404
4289,7/2/2011,3,0,7,14,0,6,0,1,0.84,0.7121,0.2,0,177,215,392
4290,7/2/2011,3,0,7,15,0,6,0,1,0.86,0.7273,0.19,0.1642,168,163,331
4291,7/2/2011,3,0,7,16,0,6,0,1,0.88,0.7424,0.22,0.2239,206,192,398
4292,7/2/2011,3,0,7,17,0,6,0,1,0.84,0.7273,0.3,0.2239,179,170,349
4293,7/2/2011,3,0,7,18,0,6,0,1,0.82,0.7121,0.3,0.2836,193,190,383
4294,7/2/2011,3,0,7,19,0,6,0,1,0.8,0.697,0.33,0.2239,156,149,305
4295,7/2/2011,3,0,7,20,0,6,0,1,0.76,0.6818,0.45,0.2836,136,148,284
4296,7/2/2011,3,0,7,21,0,6,0,1,0.74,0.6667,0.48,0.194,95,137,232
4297,7/2/2011,3,0,7,22,0,6,0,1,0.72,0.6667,0.51,0.1642,78,123,201
4298,7/2/2011,3,0,7,23,0,6,0,1,0.72,0.6667,0.54,0.2836,66,88,154
4299,7/3/2011,3,0,7,0,0,0,0,1,0.7,0.6515,0.58,0.2239,47,97,144
4300,7/3/2011,3,0,7,1,0,0,0,2,0.7,0.6515,0.61,0.1642,23,55,78
4301,7/3/2011,3,0,7,2,0,0,0,1,0.7,0.6515,0.58,0.194,19,50,69
4302,7/3/2011,3,0,7,3,0,0,0,3,0.68,0.6364,0.65,0.0896,8,25,33
4303,7/3/2011,3,0,7,4,0,0,0,3,0.68,0.6364,0.65,0.0896,3,2,5
4304,7/3/2011,3,0,7,5,0,0,0,3,0.62,0.5758,0.83,0.194,0,1,1
4305,7/3/2011,3,0,7,6,0,0,0,2,0.62,0.5455,0.94,0.0896,0,3,3
4306,7/3/2011,3,0,7,7,0,0,0,2,0.64,0.5758,0.89,0.194,3,22,25
4307,7/3/2011,3,0,7,8,0,0,0,1,0.68,0.6364,0.79,0.2239,39,53,92
4308,7/3/2011,3,0,7,9,0,0,0,1,0.7,0.6667,0.74,0.2537,82,99,181
4309,7/3/2011,3,0,7,10,0,0,0,1,0.74,0.697,0.66,0.1642,131,133,264
4310,7/3/2011,3,0,7,11,0,0,0,1,0.76,0.7121,0.62,0.1045,215,175,390
4311,7/3/2011,3,0,7,12,0,0,0,1,0.8,0.7576,0.55,0.1045,198,206,404
4312,7/3/2011,3,0,7,13,0,0,0,1,0.8,0.7727,0.59,0.2239,248,173,421
4313,7/3/2011,3,0,7,14,0,0,0,1,0.82,0.7879,0.56,0.2537,225,150,375
4314,7/3/2011,3,0,7,15,0,0,0,1,0.84,0.803,0.53,0.2985,194,182,376
4315,7/3/2011,3,0,7,16,0,0,0,1,0.84,0.803,0.53,0.2985,195,219,414
4316,7/3/2011,3,0,7,17,0,0,0,3,0.8,0.7424,0.49,0.8507,181,177,358
4317,7/3/2011,3,0,7,18,0,0,0,3,0.8,0.7424,0.49,0.8507,74,107,181
4318,7/3/2011,3,0,7,19,0,0,0,2,0.66,0.6061,0.83,0.194,100,83,183
4319,7/3/2011,3,0,7,20,0,0,0,3,0.66,0.6061,0.83,0,83,93,176
4320,7/3/2011,3,0,7,21,0,0,0,2,0.66,0.6061,0.83,0.1642,75,92,167
4321,7/3/2011,3,0,7,22,0,0,0,2,0.66,0.6061,0.78,0.1045,69,93,162
4322,7/3/2011,3,0,7,23,0,0,0,1,0.64,0.5758,0.83,0.1642,70,77,147
4323,7/4/2011,3,0,7,0,1,1,0,1,0.64,0.5758,0.83,0.1343,63,77,140
4324,7/4/2011,3,0,7,1,1,1,0,1,0.64,0.5758,0.83,0.0896,43,76,119
4325,7/4/2011,3,0,7,2,1,1,0,1,0.64,0.5758,0.83,0,33,30,63
4326,7/4/2011,3,0,7,3,1,1,0,1,0.64,0.5909,0.78,0,13,13,26
4327,7/4/2011,3,0,7,4,1,1,0,2,0.66,0.6061,0.78,0.0896,8,4,12
4328,7/4/2011,3,0,7,5,1,1,0,2,0.64,0.5758,0.83,0.1343,1,3,4
4329,7/4/2011,3,0,7,6,1,1,0,1,0.64,0.5758,0.89,0.1642,5,11,16
4330,7/4/2011,3,0,7,7,1,1,0,1,0.66,0.6061,0.83,0.1343,17,19,36
4331,7/4/2011,3,0,7,8,1,1,0,1,0.7,0.6667,0.74,0.1045,42,44,86
4332,7/4/2011,3,0,7,9,1,1,0,2,0.72,0.6818,0.66,0.0896,142,96,238
4333,7/4/2011,3,0,7,10,1,1,0,2,0.76,0.697,0.55,0.0896,166,114,280
4334,7/4/2011,3,0,7,11,1,1,0,2,0.76,0.697,0.55,0.0896,177,172,349
4335,7/4/2011,3,0,7,12,1,1,0,2,0.78,0.7121,0.52,0,237,210,447
4336,7/4/2011,3,0,7,13,1,1,0,2,0.78,0.7121,0.49,0,242,181,423
4337,7/4/2011,3,0,7,14,1,1,0,1,0.8,0.7273,0.46,0,235,173,408
4338,7/4/2011,3,0,7,15,1,1,0,1,0.82,0.7424,0.43,0.0896,224,184,408
4339,7/4/2011,3,0,7,16,1,1,0,1,0.82,0.7424,0.41,0,236,216,452
4340,7/4/2011,3,0,7,17,1,1,0,1,0.8,0.7273,0.46,0,240,196,436
4341,7/4/2011,3,0,7,18,1,1,0,1,0.8,0.7273,0.46,0.1343,222,196,418
4342,7/4/2011,3,0,7,19,1,1,0,2,0.78,0.7121,0.49,0.1642,170,205,375
4343,7/4/2011,3,0,7,20,1,1,0,2,0.76,0.697,0.55,0.1045,195,191,386
4344,7/4/2011,3,0,7,21,1,1,0,2,0.74,0.6818,0.62,0.1045,195,262,457
4345,7/4/2011,3,0,7,22,1,1,0,2,0.74,0.6818,0.62,0.1343,115,211,326
4346,7/4/2011,3,0,7,23,1,1,0,2,0.72,0.6818,0.7,0.1045,44,94,138
4347,7/5/2011,3,0,7,0,0,2,1,2,0.7,0.6515,0.65,0.1642,19,36,55
4348,7/5/2011,3,0,7,1,0,2,1,1,0.7,0.6515,0.65,0.1045,15,24,39
4349,7/5/2011,3,0,7,2,0,2,1,1,0.66,0.6212,0.74,0.0896,8,5,13
4350,7/5/2011,3,0,7,3,0,2,1,1,0.66,0.6212,0.74,0.2239,1,7,8
4351,7/5/2011,3,0,7,4,0,2,1,1,0.66,0.6212,0.69,0.1642,1,4,5
4352,7/5/2011,3,0,7,5,0,2,1,1,0.66,0.6212,0.69,0,1,19,20
4353,7/5/2011,3,0,7,6,0,2,1,1,0.66,0.6212,0.74,0.0896,3,91,94
4354,7/5/2011,3,0,7,7,0,2,1,1,0.7,0.6515,0.65,0.0896,22,248,270
4355,7/5/2011,3,0,7,8,0,2,1,1,0.72,0.6818,0.62,0.1343,41,391,432
4356,7/5/2011,3,0,7,9,0,2,1,1,0.74,0.6818,0.58,0.1343,50,177,227
4357,7/5/2011,3,0,7,10,0,2,1,1,0.76,0.697,0.52,0.1045,55,84,139
4358,7/5/2011,3,0,7,11,0,2,1,1,0.78,0.697,0.46,0.1045,75,97,172
4359,7/5/2011,3,0,7,12,0,2,1,1,0.8,0.7273,0.43,0.1045,71,130,201
4360,7/5/2011,3,0,7,13,0,2,1,1,0.82,0.7424,0.43,0.1045,67,136,203
4361,7/5/2011,3,0,7,14,0,2,1,1,0.8,0.7424,0.49,0.1642,66,112,178
4362,7/5/2011,3,0,7,15,0,2,1,1,0.82,0.7424,0.43,0,51,111,162
4363,7/5/2011,3,0,7,16,0,2,1,1,0.82,0.7576,0.46,0.1045,79,202,281
4364,7/5/2011,3,0,7,17,0,2,1,1,0.82,0.7576,0.46,0.1045,79,466,545
4365,7/5/2011,3,0,7,18,0,2,1,1,0.8,0.7576,0.55,0.1642,70,426,496
4366,7/5/2011,3,0,7,19,0,2,1,1,0.8,0.7727,0.59,0.1343,71,297,368
4367,7/5/2011,3,0,7,20,0,2,1,1,0.76,0.7273,0.66,0.1045,59,225,284
4368,7/5/2011,3,0,7,21,0,2,1,1,0.78,0.7424,0.62,0.2537,77,168,245
4369,7/5/2011,3,0,7,22,0,2,1,1,0.76,0.7273,0.66,0.2239,31,124,155
4370,7/5/2011,3,0,7,23,0,2,1,1,0.74,0.697,0.66,0.1642,19,54,73
4371,7/6/2011,3,0,7,0,0,3,1,1,0.72,0.697,0.74,0.194,11,26,37
4372,7/6/2011,3,0,7,1,0,3,1,1,0.7,0.6667,0.74,0.1343,4,11,15
4373,7/6/2011,3,0,7,2,0,3,1,1,0.7,0.6667,0.79,0.0896,1,4,5
4374,7/6/2011,3,0,7,3,0,3,1,1,0.7,0.6667,0.79,0,0,6,6
4375,7/6/2011,3,0,7,4,0,3,1,2,0.68,0.6364,0.83,0.0896,0,6,6
4376,7/6/2011,3,0,7,5,0,3,1,1,0.68,0.6364,0.83,0.0896,5,30,35
4377,7/6/2011,3,0,7,6,0,3,1,1,0.7,0.6667,0.79,0.0896,9,112,121
4378,7/6/2011,3,0,7,7,0,3,1,2,0.72,0.697,0.79,0,24,288,312
4379,7/6/2011,3,0,7,8,0,3,1,2,0.72,0.697,0.74,0.1045,31,397,428
4380,7/6/2011,3,0,7,9,0,3,1,3,0.7,0.6667,0.79,0.194,31,158,189
4381,7/6/2011,3,0,7,10,0,3,1,3,0.7,0.6667,0.79,0.0896,13,30,43
4382,7/6/2011,3,0,7,11,0,3,1,2,0.72,0.697,0.74,0,24,103,127
4383,7/6/2011,3,0,7,12,0,3,1,2,0.74,0.697,0.66,0.0896,38,114,152
4384,7/6/2011,3,0,7,13,0,3,1,2,0.74,0.697,0.7,0.1045,33,107,140
4385,7/6/2011,3,0,7,14,0,3,1,1,0.76,0.7273,0.66,0.2836,50,113,163
4386,7/6/2011,3,0,7,15,0,3,1,1,0.76,0.7273,0.7,0.2836,55,130,185
4387,7/6/2011,3,0,7,16,0,3,1,1,0.76,0.7273,0.7,0.2537,57,218,275
4388,7/6/2011,3,0,7,17,0,3,1,1,0.78,0.7424,0.59,0.2239,79,517,596
4389,7/6/2011,3,0,7,18,0,3,1,1,0.76,0.7121,0.62,0.194,77,486,563
4390,7/6/2011,3,0,7,19,0,3,1,1,0.74,0.697,0.7,0.2239,71,323,394
4391,7/6/2011,3,0,7,20,0,3,1,1,0.72,0.697,0.74,0.2537,55,257,312
4392,7/6/2011,3,0,7,21,0,3,1,1,0.7,0.6667,0.79,0.194,66,175,241
4393,7/6/2011,3,0,7,22,0,3,1,1,0.7,0.6667,0.79,0.194,30,156,186
4394,7/6/2011,3,0,7,23,0,3,1,1,0.68,0.6364,0.83,0.2239,20,78,98
4395,7/7/2011,3,0,7,0,0,4,1,1,0.66,0.5909,0.89,0.1343,6,29,35
4396,7/7/2011,3,0,7,1,0,4,1,1,0.66,0.5909,0.89,0.194,2,14,16
4397,7/7/2011,3,0,7,2,0,4,1,1,0.66,0.5909,0.89,0.194,1,7,8
4398,7/7/2011,3,0,7,3,0,4,1,1,0.64,0.5606,0.94,0.1045,2,2,4
4399,7/7/2011,3,0,7,4,0,4,1,1,0.64,0.5758,0.89,0.1045,0,4,4
4400,7/7/2011,3,0,7,5,0,4,1,1,0.64,0.5758,0.89,0.1045,2,30,32
4401,7/7/2011,3,0,7,6,0,4,1,2,0.64,0.5758,0.89,0.1343,11,107,118
4402,7/7/2011,3,0,7,7,0,4,1,2,0.66,0.5909,0.89,0.1045,13,279,292
4403,7/7/2011,3,0,7,8,0,4,1,2,0.7,0.6667,0.79,0.194,28,415,443
4404,7/7/2011,3,0,7,9,0,4,1,1,0.74,0.697,0.7,0.1642,25,154,179
4405,7/7/2011,3,0,7,10,0,4,1,1,0.78,0.7424,0.62,0,29,72,101
4406,7/7/2011,3,0,7,11,0,4,1,1,0.82,0.7727,0.52,0.1343,30,112,142
4407,7/7/2011,3,0,7,12,0,4,1,1,0.84,0.7727,0.41,0,32,139,171
4408,7/7/2011,3,0,7,13,0,4,1,1,0.86,0.7879,0.41,0,48,107,155
4409,7/7/2011,3,0,7,14,0,4,1,1,0.86,0.7879,0.41,0.2537,39,121,160
4410,7/7/2011,3,0,7,15,0,4,1,1,0.86,0.7879,0.41,0.2537,47,119,166
4411,7/7/2011,3,0,7,16,0,4,1,1,0.86,0.7727,0.39,0.2239,47,218,265
4412,7/7/2011,3,0,7,17,0,4,1,1,0.86,0.7576,0.36,0.2537,80,489,569
4413,7/7/2011,3,0,7,18,0,4,1,1,0.84,0.7576,0.44,0.2985,70,492,562
4414,7/7/2011,3,0,7,19,0,4,1,1,0.82,0.7727,0.52,0.2836,79,286,365
4415,7/7/2011,3,0,7,20,0,4,1,1,0.76,0.7121,0.58,0.3582,61,224,285
4416,7/7/2011,3,0,7,21,0,4,1,1,0.74,0.6818,0.62,0.1642,39,170,209
4417,7/7/2011,3,0,7,22,0,4,1,1,0.74,0.6818,0.62,0.1642,32,150,182
4418,7/7/2011,3,0,7,23,0,4,1,1,0.72,0.6818,0.66,0,31,98,129
4419,7/8/2011,3,0,7,0,0,5,1,1,0.74,0.697,0.66,0.1045,6,41,47
4420,7/8/2011,3,0,7,1,0,5,1,1,0.72,0.697,0.79,0,9,25,34
4421,7/8/2011,3,0,7,2,0,5,1,2,0.7,0.6667,0.74,0.1642,10,12,22
4422,7/8/2011,3,0,7,3,0,5,1,1,0.68,0.6364,0.79,0.1045,2,4,6
4423,7/8/2011,3,0,7,4,0,5,1,1,0.7,0.6667,0.79,0.2537,7,4,11
4424,7/8/2011,3,0,7,5,0,5,1,1,0.68,0.6364,0.79,0.2537,3,24,27
4425,7/8/2011,3,0,7,6,0,5,1,1,0.7,0.6667,0.74,0.1045,11,91,102
4426,7/8/2011,3,0,7,7,0,5,1,2,0.7,0.6667,0.79,0.194,30,302,332
4427,7/8/2011,3,0,7,8,0,5,1,2,0.72,0.697,0.74,0.2537,36,421,457
4428,7/8/2011,3,0,7,9,0,5,1,2,0.76,0.7273,0.7,0.2985,30,211,241
4429,7/8/2011,3,0,7,10,0,5,1,2,0.74,0.697,0.7,0.3582,30,108,138
4430,7/8/2011,3,0,7,11,0,5,1,2,0.74,0.7121,0.74,0.2537,61,104,165
4431,7/8/2011,3,0,7,12,0,5,1,2,0.76,0.7273,0.7,0.2836,49,164,213
4432,7/8/2011,3,0,7,13,0,5,1,2,0.78,0.7576,0.66,0.2836,54,175,229
4433,7/8/2011,3,0,7,14,0,5,1,2,0.8,0.7879,0.63,0.3582,53,163,216
4434,7/8/2011,3,0,7,15,0,5,1,2,0.8,0.7879,0.63,0.3582,39,102,141
4435,7/8/2011,3,0,7,16,0,5,1,3,0.68,0.6364,0.83,0.4478,27,105,132
4436,7/8/2011,3,0,7,17,0,5,1,3,0.66,0.5909,0.89,0.4478,6,161,167
4437,7/8/2011,3,0,7,18,0,5,1,1,0.66,0.6061,0.83,0.0896,35,281,316
4438,7/8/2011,3,0,7,19,0,5,1,1,0.66,0.6061,0.83,0.0896,45,225,270
4439,7/8/2011,3,0,7,20,0,5,1,1,0.66,0.6061,0.83,0.1642,30,220,250
4440,7/8/2011,3,0,7,21,0,5,1,2,0.66,0.6061,0.83,0.2537,46,158,204
4441,7/8/2011,3,0,7,22,0,5,1,2,0.66,0.6061,0.78,0.194,33,136,169
4442,7/8/2011,3,0,7,23,0,5,1,2,0.66,0.6061,0.78,0.0896,40,111,151
4443,7/9/2011,3,0,7,0,0,6,0,2,0.66,0.6061,0.83,0.1343,31,90,121
4444,7/9/2011,3,0,7,1,0,6,0,2,0.64,0.5758,0.89,0.1045,5,48,53
4445,7/9/2011,3,0,7,2,0,6,0,1,0.64,0.5758,0.89,0.1642,12,43,55
4446,7/9/2011,3,0,7,3,0,6,0,1,0.64,0.5758,0.89,0.1343,7,23,30
4447,7/9/2011,3,0,7,4,0,6,0,1,0.64,0.5758,0.83,0.2239,2,4,6
4448,7/9/2011,3,0,7,5,0,6,0,2,0.62,0.5606,0.88,0.1642,4,11,15
4449,7/9/2011,3,0,7,6,0,6,0,2,0.64,0.5758,0.83,0.194,11,27,38
4450,7/9/2011,3,0,7,7,0,6,0,1,0.66,0.6061,0.78,0.194,21,50,71
4451,7/9/2011,3,0,7,8,0,6,0,1,0.7,0.6515,0.7,0.2537,68,114,182
4452,7/9/2011,3,0,7,9,0,6,0,1,0.74,0.6818,0.58,0.2836,77,170,247
4453,7/9/2011,3,0,7,10,0,6,0,1,0.76,0.697,0.52,0.1642,87,177,264
4454,7/9/2011,3,0,7,11,0,6,0,1,0.78,0.697,0.46,0.2985,101,189,290
4455,7/9/2011,3,0,7,12,0,6,0,1,0.8,0.7273,0.46,0.2537,145,221,366
4456,7/9/2011,3,0,7,13,0,6,0,1,0.82,0.7424,0.41,0.2239,167,249,416
4457,7/9/2011,3,0,7,14,0,6,0,1,0.84,0.7424,0.36,0.1343,158,215,373
4458,7/9/2011,3,0,7,15,0,6,0,1,0.84,0.7273,0.34,0.0896,182,220,402
4459,7/9/2011,3,0,7,16,0,6,0,1,0.82,0.7273,0.38,0,171,245,416
4460,7/9/2011,3,0,7,17,0,6,0,1,0.84,0.7273,0.32,0,160,241,401
4461,7/9/2011,3,0,7,18,0,6,0,1,0.82,0.7273,0.36,0.1045,132,246,378
4462,7/9/2011,3,0,7,19,0,6,0,1,0.76,0.697,0.55,0.1642,128,178,306
4463,7/9/2011,3,0,7,20,0,6,0,1,0.76,0.7121,0.58,0.2239,129,185,314
4464,7/9/2011,3,0,7,21,0,6,0,1,0.74,0.6818,0.58,0.1642,83,155,238
4465,7/9/2011,3,0,7,22,0,6,0,1,0.72,0.6818,0.62,0.1642,60,154,214
4466,7/9/2011,3,0,7,23,0,6,0,1,0.72,0.6667,0.58,0.194,47,93,140
